price,bedrooms,sqft_lot,floors,yr_built
313000,3,7912,1.5,1955
2384000,5,9050,2,1921
342000,3,11947,1,1966
420000,3,8030,1,1963
550000,4,10500,1,1976
490000,2,6380,1,1938
335000,2,2560,1,1976
482000,4,35868,2,1989
452500,3,88426,1,1985
640000,4,6200,1.5,1945
463000,3,7320,1,1948
1400000,4,4000,1.5,1909
588500,3,14892,1,1980
365000,3,6435,1,1955
1200000,5,9480,1.5,1939
242500,3,9720,1,1965
419000,3,6700,1,1956
367500,4,7231,2,1997
257950,3,5858,1,1987
275000,3,10277,1,1983
750000,3,10578,2,1923
435000,4,8800,1,1954
626000,3,1572,2.5,2005
612500,4,12261,2,1991
495000,4,6380,1,1959
285000,3,10834,1,1987
615000,3,7291,1,1948
698000,4,11250,1.5,1920
675000,5,67518,2,1979
790000,3,4750,1,1951
382500,4,8700,1,1967
499950,4,3345,2,2004
650000,4,5000,1.5,1945
625000,4,8408,2,2014
400000,4,42884,1.5,1979
604000,3,33151,2,1995
440000,2,4850,1,1944
287200,3,19966,1,1992
403000,3,13100,1,1957
750000,3,6550,1,1955
335000,3,16215,1,1978
260000,4,8625,1,1974
308500,2,6174,1,1950
439950,3,2875,2,1990
235000,2,9400,1,1949
315000,3,9180,1,1968
437500,3,35100,2,1977
407500,3,10460,2,1996
445700,3,1180,3,2001
838000,4,42998,2,2001
630000,4,37277,2,2000
550000,3,35200,1.5,1979
805000,3,4500,1.5,1929
284000,3,23103,1,1968
470000,5,9655,1,1976
430000,4,10000,1,1954
491500,4,125452,1,1968
785000,5,11995,2,2006
385000,3,1327,2,2008
295000,2,1368,2,2009
555000,4,6500,2,2012
459990,3,5539,2,2013
625000,4,54014,1,2007
300000,3,5050,2,2006
625000,4,6605,2,2012
553000,2,5000,1,1944
379880,3,14054,1,1986
310000,3,9945,1,1973
775000,2,7392,1,2004
365000,3,7350,1,1988
331950,4,9933,2,1990
783500,3,7130,2,1980
628000,4,6010,1,1900
560000,3,8744,2,1987
900000,3,77972,1,1928
531000,2,1175,2,2000
831000,4,4000,2,1982
780000,4,10281,2,1996
755000,4,10202,1,1960
705380,3,4343,2,2003
627000,4,7712,1,1973
865000,4,9892,2,1998
580000,2,7000,1,1942
410000,3,36704,1,1978
485000,4,7048,1,1979
400000,2,9519,1,1948
549000,2,5400,1,1908
620000,3,2185,2.5,2005
405000,2,1240,2,2006
232000,2,8063,1,1958
800866,5,13806,2,1990
650000,3,9000,1,1949
823000,6,5000,2.5,1908
770000,3,5700,1.5,1939
524000,3,5520,1,1944
541125,5,8426,1,1960
670000,3,2000,3,1909
384900,5,12750,1,1968
406100,3,1332,3,2005
1395000,5,8510,2,1971
736500,4,21904,2,2000
570000,3,6000,1,1975
787000,3,7500,1,1961
328000,4,6500,2,1998
435000,5,9240,1,1942
499000,4,6479,2,2006
501000,4,7519,1,1963
1090000,4,141570,2.5,1992
400000,2,5510,1,1955
220000,4,9600,1,1971
657100,4,4240,1,1924
309950,4,5000,2,2006
300000,3,10072,1,1986
525888,5,71874,1,1960
740000,4,3600,1.5,1902
340000,5,9022,1.5,1962
398750,3,4000,2,1954
206000,2,7158,1,1944
1030000,5,16920,1,1976
600000,3,39639,1,1976
379950,4,9389,1,1960
287000,3,6000,1,1953
2280000,7,307752,3,1999
309950,3,7838,2,1994
600000,3,6360,1,1945
418000,3,6030,1.5,1930
449250,4,3844,1.5,1928
329950,2,5250,1.5,1949
245000,3,9306,1,1984
549000,4,6338,2,2008
800000,3,7857,2,1994
249950,3,15040,1,1958
210000,5,10200,1,1956
1425000,2,4000,2,2000
585000,2,8640,1.5,1949
615000,4,11700,1,1977
618500,3,5000,1,1942
487585,4,9211,1,1977
509900,3,2700,2,2010
631625,4,6651,2,2014
555000,3,3211,2,2009
340000,2,1438,2,2001
830000,4,9692,2,2007
890000,4,5750,2,2006
366750,3,2017,3,2008
415000,3,998,2.5,2010
416286,3,989,3,2005
478000,3,4535,2,2007
890000,5,6000,2,2006
419190,2,1426,2,2014
712198,4,4247,2,2013
397000,4,7680,1,1971
450000,2,3000,1.5,1912
353000,3,7740,1,1947
609000,4,37981,2,1985
234000,3,8366,1,1975
561000,3,7000,2,1916
469000,2,4400,1,1924
329350,2,6687,1,1942
488000,5,5000,1.5,1938
279900,3,8151,1,1962
606000,4,13850,2,1987
312000,4,7054,1,1950
650000,3,7475,1,1940
1135000,4,8103,1,1970
325000,4,6156,1,1980
425000,4,7983,1,1967
219000,2,5160,1,1952
250000,3,6874,1,1954
390000,3,6500,1,1966
475000,6,117612,1.5,1924
736000,4,12047,2,1988
407000,4,23400,1,1958
272000,3,13816,2,1998
362000,3,14374,1,1963
535000,3,10109,2,1991
284000,4,5390,2,2003
367500,3,9647,1,1961
379900,4,11600,1,1955
520000,3,54885,2,1980
175000,3,7034,1,1954
460000,2,929,2,2004
345000,4,3826,2,2007
455000,5,7770,1,1978
610000,4,10117,1,1967
563000,4,15480,2,1996
612500,4,5000,1,1949
218000,3,7684,1,1979
404000,4,10720,1,1958
860000,4,32417,2,2000
136500,3,8580,1,1962
313950,3,6083,1,1940
575000,3,6500,1,1954
1225000,4,6906,2,1928
280000,3,11800,1,1971
515000,3,7167,2,1989
513000,4,5684,2,1996
599000,4,29930,2,1977
685000,4,7864,2,1999
365000,3,8160,1,1950
762300,4,14550,2,1987
1580000,4,10920,1.5,1950
562000,5,8111,2,1984
530000,5,9636,1,1964
525000,3,11985,1,1995
484000,2,6000,1,1942
725126,4,12369,2,1998
360000,4,18768,1,1965
387000,3,9568,1,1962
483500,4,45732,2,1995
655500,4,8330,2,2000
345000,3,6250,1,1956
533000,5,3780,1.5,1926
385000,3,5520,1,1982
675000,2,36478,1,1951
197000,3,7735,1,1976
485000,3,4080,1.5,1905
1870000,5,15175,2,1969
295000,3,8000,1,1974
499000,2,2400,1,1903
1050000,3,1970,2,2008
191000,3,8850,1,1959
500000,3,1171,3,2006
390000,5,5000,1,2006
979000,3,4047,3,2014
580000,4,8327,2,2013
369950,3,1320,3,2006
1800000,5,10279,2,2013
776000,4,6425,2,2008
519950,3,1249,3,2014
255000,5,8632,1,1962
495000,3,6000,1,1943
510000,4,5203,2,2003
1150000,4,103382,2,2001
253000,3,10122,1,1994
503000,3,6760,1,1980
275000,3,7000,2,1993
249000,3,8423,1,1952
310000,3,10723,1,1974
750000,3,5401,1,1946
630000,3,327135,2,1995
599999,9,6988,2.5,1938
758000,4,9549,1,1956
248500,4,10018,1,1960
310000,3,37904,1,1973
460000,3,9055,2,1985
675000,3,10500,1,1959
526000,2,2400,1.5,1900
560000,3,60392,2,1994
415000,4,9548,2,1991
246000,3,7410,1,1944
314500,3,12381,1,1957
3200000,7,8856,2.5,1910
420000,2,3500,1.5,1904
535000,3,149410,1.5,1988
350000,3,9360,1,1981
515000,3,9147,1,1967
749950,4,6050,2,1949
230000,3,9180,2,1988
568000,3,5080,1.5,1929
250000,1,4373,1,1947
581000,4,13695,1,1961
651000,3,108366,2,1991
600000,3,108900,1,1977
500000,2,3885,1.5,1906
475000,2,2723,1,1921
352000,5,8560,1,1978
420000,3,8165,2,1977
428000,2,3900,1,2003
599000,3,4788,1,1920
492000,4,16164,1.5,1922
630000,2,5663,1,2011
900000,5,226076,2,1985
1110000,4,13300,1,1950
575000,4,5000,1,1955
705000,4,4316,1.5,1905
940000,4,5940,1,1963
313000,3,8000,1,1967
618080,3,6500,2,1988
640000,3,5175,2,2002
485000,3,4160,1,1917
300000,2,3001,1,1913
379500,2,17335,1,1978
339950,3,12295,2,1985
1500000,6,6480,2.5,1914
1340000,3,5500,2,1937
500000,3,37565,1,1987
239900,3,7566,1,1985
314950,3,16986,1,1968
361280,2,6400,1,1944
100000,2,22000,1,1956
540000,7,7647,2,1948
480500,4,11200,1,1968
280000,3,4271,2,2000
440000,3,6180,1,1947
530000,3,4284,1,1910
560000,3,13374,1,1985
775000,3,7200,1.5,1905
160000,2,13100,1,1912
209950,3,11130,1,1960
226500,3,10762,1,1988
380000,5,6000,1,1958
409500,4,13000,1,1968
690000,3,6428,1,1942
405000,3,8307,1,1961
375000,3,13042,2,1990
794154,4,8556,1,1954
185000,4,6600,1,1969
245000,3,1270,2,2005
1532500,5,8076,2,2007
1040000,4,8391,2,2006
425000,2,1027,3,2008
495000,4,21195,2,2014
365000,5,5003,1,2008
417250,3,1452,3,2009
339950,2,681,3,2006
615000,2,6872,1,1946
403000,3,8354,2,2012
980000,5,11470,1,1971
258000,4,8320,1,1977
533000,3,4080,1,1967
537500,4,4630,2,2005
830000,5,9601,1,1968
712000,3,4620,1.5,1900
262000,4,6236,2,2002
753888,4,5500,2,2003
134000,2,5000,2,1922
402000,3,8000,1,1977
205000,2,5040,1,1955
553650,2,1349,2,1997
559950,2,4950,1,2006
260000,4,8800,1,1962
270000,4,6509,2,1994
295000,2,89298,1,1973
719000,3,4500,1.5,1928
266000,3,8547,1,1989
325900,4,6270,2,2004
647500,4,26036,1,1947
1039000,4,5000,2,1910
569000,4,41688,2,1980
246000,3,7399,1,1975
515000,2,4960,1,1926
207000,3,8995,1,1954
780000,4,9195,1,1950
489990,5,20828,1.5,1975
335000,3,87625,1.5,1980
295000,3,7229,2,1993
385000,3,9920,1,1944
350000,4,13515,1,1940
235000,2,3008,1,1923
358000,2,1808,2,1993
716500,4,6465,2,2002
228000,4,6120,1,1965
405000,2,8155,1,1948
538000,4,9600,1,1967
530000,3,6760,1,1973
1750000,6,5760,2.5,1906
636000,2,3600,1.5,1925
535000,4,65836,2,2004
1500000,3,12757,1,1952
868500,3,3942,3,2008
530000,4,2850,1.5,1930
450000,3,43560,1,1954
230000,3,6000,1,1939
229000,3,3000,2,2002
437000,3,9282,1,1976
1307000,5,3200,1.5,1932
595000,3,3354,2,1991
660000,3,5750,1.5,1918
347500,4,7350,2,1989
297950,3,10800,1,1967
245000,3,7964,1,1955
543200,6,15600,1.5,1940
1250000,4,24166,2,1990
413450,3,1614,3,2008
330000,2,435600,1.5,1972
424500,3,7700,1,1979
230000,3,16000,1,1960
930000,3,4080,2,1912
349000,3,9620,1,1988
835000,4,6960,1.5,1941
988500,3,16807,2,2007
500000,3,1197,3,2012
499000,2,957,2,2005
321950,2,1277,2,2007
494000,3,4729,2,2011
441750,2,1060,3,2008
438000,2,1179,2,2010
985000,4,37769,2,1989
352000,3,11050,1,1972
839900,4,13592,1,2013
765000,4,10819,2,1996
460000,4,5500,1.5,1926
224500,4,8355,1.5,1983
254000,3,4597,2,2003
255000,2,28717,1,1984
610000,3,45302,1,1976
920000,4,11025,2,1976
402500,4,11951,2,1988
280950,3,8700,1,1912
604000,4,7753,2,1989
565000,4,7447,2,1984
255000,2,7980,1,1928
445000,4,6000,1,1959
2400000,3,11665,1.5,2001
195000,2,18000,1,1950
275000,3,48257,1,1922
387000,3,1606,2,2003
490000,2,3300,1.5,1910
505000,3,5824,2,1999
303500,3,10464,1,1973
270000,3,6337,1,1953
323000,4,7213,1,1977
382000,3,1253,3,2005
1370000,4,9450,1,1962
280000,4,14439,1,1977
260000,3,8075,1,1969
201500,3,8320,1,1959
1157200,4,52889,2,1996
536500,4,4000,1.5,1926
248000,4,5883,2,2006
532000,5,57499,1,1976
580000,4,6268,2,1998
463000,2,4400,1,1905
742500,4,3773,2,1919
260000,3,14850,1,1963
590000,4,32496,1,1993
312000,4,7452,1,1984
566000,3,10140,1,1980
511555,3,7293,1,1963
583000,4,4000,2,2001
290000,4,13300,1,1968
311100,4,8078,1,1977
325000,3,1694,3,2007
491300,3,11340,1,1987
315000,5,8100,1,1956
360000,2,81892,1,1956
330000,4,3784,2,2003
481450,3,4800,1,1940
234950,3,9948,1,1977
251000,3,7250,1,1962
782000,4,20345,2,1979
833000,4,10308,2,1999
542500,4,14289,2,1978
851000,3,107290,2,1987
325000,4,70800,1,1976
415000,4,48787,2,1992
252500,3,6127,1,1947
465000,4,9653,1,1968
336900,3,120661,1,1979
225000,3,9202,2,1992
270000,3,9583,1,1969
1702500,5,23716,2,1987
536000,3,5413,1.5,1925
585000,4,29252,2,1982
445000,2,6634,1,1940
320000,4,7490,2,1980
769900,4,3047,2,2006
557000,4,4500,2,2012
212000,2,1525,2,2004
376000,3,1384,3,2008
800000,4,159430,2,2007
2238888,5,130017,2,2010
324000,3,904,2,2007
549900,5,7015,1,1979
320000,3,6969,2,2003
875000,4,6000,1,1921
265000,4,9533,1,1962
394950,3,1250,3,2006
842500,4,5298,2.5,1902
368000,3,1350,2,2007
1225000,4,101930,1,2001
885000,4,5000,2,1995
453246,3,2287,2,2014
927000,4,12090,2,1953
490000,2,1391,2,2004
341000,3,7119,1.5,1952
235000,1,2451,1,1941
1200000,3,8078,1.5,1928
560000,3,216777,1,1986
900000,4,38412,2,1978
255000,2,2500,1,1910
1575000,5,20150,1,1975
876650,3,12508,1.5,1928
540000,4,228254,1,1990
350000,2,4500,1.5,1906
750000,4,4930,2,2000
582000,4,4650,1,1951
1315000,4,3997,2,2004
372500,5,10090,1,2004
410000,3,16921,2,1987
360000,4,5500,1,1943
1015000,3,34527,1,1954
225000,3,8012,1,1966
647000,4,6887,2,1999
950000,5,258746,1.5,2003
185000,3,8470,1,1961
335000,3,4927,2,2004
210000,3,2643,2,2004
522000,4,8623,1,1980
770000,3,5000,1,1954
499950,3,6380,1,1941
751000,4,6142,2,2004
330000,5,7715,1,2013
465000,3,11358,1,1956
850000,4,11914,1,1961
947500,4,12329,1.5,1968
302000,5,7813,2,1986
500000,2,1334,3,2007
201000,3,9750,1,1969
265000,2,2828,2,2008
870300,4,3150,1.5,1910
339000,3,8100,1,1955
690000,4,13463,2,1989
788000,4,5759,2,2003
315275,3,8040,1,1951
505000,4,4800,1,1922
368000,3,9898,1,1968
947500,3,27144,1.5,1917
156000,3,8580,1,1959
610000,4,5000,1.5,1930
420000,2,1369,3,2009
192000,2,10540,1,1953
910000,3,6120,1,1962
1300000,4,9687,2,1918
1346400,5,20021,1,1963
840000,4,2750,1.5,1936
300000,2,8100,1,1975
505000,4,6369,1,1978
110000,3,53143,1,1945
746000,3,8950,2,1992
211000,3,7620,1,1941
675000,4,3340,1,1964
734200,4,5000,1.5,1928
1225000,4,16028,1,1976
615000,2,28593,1.5,1919
630000,4,6000,2,1911
1264000,4,9170,2,2012
301500,2,1333,2,2005
369000,2,895,2,2009
635000,3,1433,3,2010
1033888,4,5187,2,2014
383000,4,6223,2,2010
1050000,4,11000,2,2008
455000,4,7685,2,2001
819900,5,7119,2,2013
625000,3,1846,2,2009
651000,4,7140,2,1993
480000,5,35000,1,1976
757000,3,5283,2,2007
460000,3,10450,1,1977
267345,4,8165,1,1972
530000,2,4950,1,2006
449500,3,6610,1,1954
289000,3,7315,1,1981
373000,5,5710,2,2006
525000,5,4591,2,1994
777000,3,59677,2,2003
550000,4,7500,1,1956
523000,3,7735,1,1957
628000,4,6000,1,1958
581000,4,8164,1,1963
245000,5,7902,1,1962
415000,3,5000,1,1911
1895000,5,16672,2,1969
225000,3,7500,1,1967
287000,3,9600,1,1987
799200,6,2370,2.5,1906
239950,3,33888,1.5,1942
591000,3,2400,1,1922
700000,3,8398,2,1975
475000,4,8700,1,2004
575000,3,11750,1,1951
771000,3,6120,1.5,1927
155000,2,6232,1,1943
550000,7,8100,2,1970
645000,3,13750,2,1975
464000,5,8970,1,1959
1050000,4,16625,2,2003
350000,3,14298,2,1977
591000,4,38180,2,1977
2555000,4,26211,2,1923
717000,3,3880,1,1956
225000,4,12559,1.5,1939
225000,3,6535,1,1947
345000,3,7200,1,1968
230000,2,5360,1,1931
385000,3,6600,1,1943
90000,2,2640,1,1973
860000,4,11119,1,1986
675000,4,5548,2,2006
975000,4,7494,2,2000
780000,3,10495,1,1967
370000,3,8254,1,1951
665000,3,5820,1.5,1944
675000,5,9600,1,1968
620000,3,4050,1.5,1909
1105000,4,4000,2,1905
450000,3,892,2,2010
450000,3,42180,1,1978
530000,3,8190,1,1958
635000,4,13320,1,1969
580000,5,7125,1,1964
1550000,5,17458,1,1982
285000,3,8640,1,1973
375000,3,9486,1,1953
1400000,5,7924,2,2001
560000,3,5000,2,1910
405000,4,13529,1,1956
413000,4,6000,1,1925
287600,3,8251,2,1990
1680000,5,23723,2,1989
225000,3,7210,1,1963
319000,3,12823,1,1968
322500,3,14200,1,1989
570000,3,5401,1,1937
465000,3,5112,1,1950
435000,4,6355,2,2002
502000,4,5616,2,2012
525000,3,5086,2,2007
525000,3,1161,2,2008
660000,4,5196,2,2012
870000,4,6773,2.5,2006
650000,4,4861,2,2013
505000,4,5602,2,2009
330000,3,5008,1,2007
385000,4,4980,1,1947
306000,3,1086,3,2007
546000,3,5000,1,1921
925000,4,7350,2.5,1958
542000,4,8250,1,1955
800000,3,4400,1.5,1906
620000,5,3832,2,1929
175000,2,8925,1,1911
740000,5,31675,1,1984
345000,3,15003,2,1984
510000,3,26460,1,1986
530000,4,15002,1,1974
155000,2,5200,1,1952
266000,3,7214,1,1986
257200,3,8250,1,1952
265000,3,5706,1,1998
372220,3,5500,1,1951
337500,5,7314,1,1956
582500,2,4800,1,1948
489200,3,9600,1.5,1965
405100,2,3522,1,1947
372977,3,1618,2,2014
310000,3,9876,1,1953
538000,3,3825,1.5,1904
1400000,3,7200,2,1981
317000,3,5011,2,2012
702500,3,6750,2,1926
565000,4,14667,2,1989
723000,4,4004,2,2004
766950,3,30007,1.5,1992
682000,3,5120,1.5,1903
325000,3,6049,2,1990
543000,3,7640,1,1962
525000,3,6120,1.5,1924
364000,4,8625,1,1957
394475,2,4000,1,1955
316000,4,7226,2,1995
339950,3,5402,1.5,1906
486000,4,39449,1,1978
160000,3,11900,1,1963
930000,3,20553,1,1954
139000,3,17334,1,1978
562000,3,8000,1,1957
299000,2,34395,1,1950
511000,3,4883,2,2005
499000,3,42689,1.5,1959
356000,3,12384,2,1980
470000,4,14023,2,1991
715000,4,5649,1,1941
1120000,4,60373,2,1988
458000,3,7500,1,1940
966000,5,8019,2,2008
305495,3,10200,2,1966
543000,2,217800,1.5,1992
340000,3,3716,2,1997
633100,4,33305,2,1993
310000,3,7830,1,1952
349950,5,10117,1,2005
267800,2,6000,1,1949
234000,4,9010,1,1975
740000,4,10157,2,2000
607500,5,6000,1.5,1923
223000,3,7473,1,1973
400000,2,2130,1,1918
802000,3,13096,2,1986
253000,4,4541,2,2006
1058000,4,11137,1,1955
300000,3,8280,1,1946
625000,4,11180,1,1966
707000,4,7081,2,2004
950000,4,7644,2,1995
420000,4,24123,2,1999
498000,4,7375,1,1973
450000,3,17172,2,1989
955000,5,9887,2,1972
215000,2,7200,1,1967
437000,3,5200,2,2008
773000,3,3600,2,2007
1222500,4,9444,1.5,2007
256883,3,5025,2,2003
592500,4,12032,1,1983
252350,3,7352,1,1979
370000,4,5880,2,1998
465750,3,10350,1,1959
185000,3,8100,1,1932
582800,4,7636,1,1986
245000,3,6930,1,1990
302000,4,7865,1,1963
451555,2,4520,1,1912
250000,3,10350,1,1957
255000,4,7800,2,1989
840000,4,11562,1,1947
190000,3,8520,1,1967
349950,3,7066,1,1957
613000,4,4815,1.5,1909
300000,3,13000,1,1955
455000,3,7344,1,1980
335000,3,30476,2,1991
197500,3,3090,1.5,1903
412500,3,8475,1,1963
395300,3,7000,1,1955
342400,3,9630,2,1986
749400,4,20301,2,1985
316500,4,6807,2,1991
390000,3,10800,2,1996
225000,3,7384,1,1979
550000,3,40887,1,1980
280000,3,20562,1.5,1959
1255000,4,7535,2,2006
575000,2,6000,1,1946
1000000,5,16258,2,1990
585000,5,3750,2,1921
620000,4,9185,2,1989
204700,4,9987,1,1967
695000,4,9130,2,2001
689900,4,7266,2,2003
375000,4,8000,1,1960
475000,7,29699,1,1961
215000,3,10384,1,1969
2100000,4,19865,2,1962
790000,3,6117,1,1940
350000,3,250470,1,1940
695000,3,17622,2,1986
263000,3,7748,2,1991
400000,3,10304,1,1953
525000,3,7434,2,1991
349950,3,7496,2,1994
1085000,4,12080,1,1988
744000,4,5352,2.5,1941
312500,2,6345,1,1919
240000,3,6200,1,1948
495000,4,4000,1.5,1941
580050,3,4638,2,1996
640000,4,7798,1,1947
417000,3,10224,1,1956
174950,3,5200,1,1970
295000,3,2500,1,1986
423000,4,7303,1,1976
839000,3,12305,1,1955
343000,4,10290,1,1960
467000,3,6582,1,1946
512500,3,2875,2,1997
575000,4,17810,1,1979
465000,3,6886,1,1924
270000,3,9514,1,1969
340000,3,8136,1,1948
765000,5,14275,2,1999
497000,4,7200,2,1995
803100,4,5404,2,2004
344000,3,1130,3,2007
828950,4,5680,2,2013
386380,3,3600,2,2010
312000,3,974,2,2009
720000,3,151588,2,2007
914500,4,10856,3,2013
819995,5,10335,2,2013
252700,2,9643,1,1985
437500,3,36847,2,1992
350000,1,5100,1,1942
619000,3,6439,2,2005
408200,3,5761,2,1990
451000,3,4049,1.5,1926
317000,3,11410,1,1977
799000,4,5000,2,2005
720000,2,7200,1,1947
490000,3,2400,1.5,1900
239900,4,7000,1,1979
446000,4,7800,1,1977
275000,3,15639,2,1987
239950,5,6032,2,1941
248000,4,6519,2,1986
619500,3,5000,2,2003
363750,3,197326,2,1982
385000,3,10541,1,1981
370000,4,9957,1,1972
425000,3,13218,1,1988
342000,3,6826,1,1944
345000,4,7991,1.5,1962
724800,3,3933,1,1926
725000,5,5310,2,2006
605000,2,3600,1,1909
350000,4,4000,2,2009
785000,3,5440,1,1904
250000,3,6660,1,1966
565000,3,1221,3,2013
875000,3,6641,1,1947
862500,4,24440,2,1996
400000,3,83199,2,1973
282613,2,6017,1,1954
174500,2,5200,1,1955
306500,3,38377,1,1978
445000,3,7340,2,1984
433000,4,7568,2,2001
306000,3,5874,2,2005
620000,3,4000,1.5,1921
245000,2,6150,1,1941
238000,3,1204,2,2004
523000,3,3135,1.5,1931
522500,3,7875,2,2003
180000,3,18513,1,1940
375000,3,1751,2,2007
249000,3,7673,1,1982
730100,4,14300,2,2003
551000,2,9604,1,1990
375000,4,7956,2,2005
540000,1,6700,1.5,1920
605000,3,2500,2,1987
205000,5,5200,1,1978
645000,4,11380,2,1983
314000,4,8990,2,2003
330000,3,4950,1,1960
490000,2,5000,1,1937
445000,3,24318,1,2010
2000000,5,10862,2,1991
377500,3,1377,2,2005
480000,4,5000,2,2009
804995,5,5402,2,2014
341000,3,1663,2,2012
675000,5,6455,2,2009
611000,3,1984,2.5,2008
379950,3,1787,3,2007
1270000,4,8313,2,2008
500000,2,1500,2,2006
410000,3,4250,1,1944
415000,3,8342,2,1986
297000,5,8605,2,1994
575550,4,7475,1,1985
534640,3,3500,1,1994
352500,3,14110,1,1987
488000,2,4688,1,1944
732000,3,55756,1,1954
215000,2,2040,2,1979
592500,2,9191,1.5,1928
290000,4,7280,2,1988
475000,2,3825,1,1929
320000,3,7757,2,1990
1216000,4,8684,1,1967
290000,5,7700,1.5,1962
487250,4,3250,1.5,1901
339000,4,8601,2,2003
440000,2,1968,1.5,1906
366500,4,9300,1,1945
462000,3,4500,1.5,1928
560000,4,4690,1.5,1945
285000,4,13629,1,1955
280000,3,9675,2,1993
210000,3,21043,1,1942
690000,3,5100,1.5,1940
256500,2,9912,1,1980
411000,4,5257,2,1966
215000,3,7275,1,1970
762000,5,5000,1.5,1907
359950,3,189486,1,1960
480000,4,435600,2,2005
1405000,4,10769,2,2008
390000,4,8290,2,1999
413500,2,4000,1,1924
285000,1,3211,2,1982
475000,4,10043,1,1968
386591,3,1613,2,2014
524950,3,3825,1,1974
241000,2,3128,2,2005
461000,2,7193,1,1926
810000,4,59242,2,1988
885000,4,3560,1.5,1921
247000,3,7941,2,1986
296500,3,7900,1,1978
141800,2,4743,1,1942
333000,4,7800,2,1906
602000,5,11900,1.5,1973
565000,4,10698,2,1979
373000,3,3565,2,1999
588000,3,7350,1,1977
485000,3,4100,1.5,1926
482500,3,1445,2,2005
251200,4,8250,1,1953
869000,5,49222,2,1979
464000,3,28600,1,1967
755000,4,10452,2,1993
280000,3,1916,2,2005
485000,2,1240,3,2004
305000,3,12247,1,1981
110700,2,8064,1,1941
850000,4,5900,2,1937
350000,3,7200,2,1985
319950,4,8045,1,1976
700000,3,4905,1,1912
368000,2,4680,1,1908
433500,3,3360,2,2009
611000,4,4200,2,1998
1000000,2,23400,1,1951
307000,3,7500,1,1960
442500,3,10200,1,1967
485000,3,7706,2,1908
367000,2,2334,1,1945
429000,3,15124,2,1995
446000,5,12687,1,1978
572500,3,9791,1,1984
477000,3,2053,3,2005
518000,3,2096,2,2008
462000,5,10530,1,1966
1190000,4,6000,1.5,1914
137000,3,7620,1,1954
530000,3,3174,2,1997
818000,2,9374,1,2011
640000,2,958,3,2007
298450,5,9752,1,2007
575000,4,4945,2,2013
730000,4,7331,2,2004
551000,3,5802,2,2001
271310,2,5340,1.5,1906
675000,4,28300,1,1954
479000,3,889,3,2008
520000,4,10000,2,1942
599950,3,4975,2,2014
483945,2,5120,1,1951
390000,4,33132,1,1965
192500,2,7692,1,1926
330000,2,8308,1,1948
250000,4,7560,1,1978
243000,2,5522,1.5,1943
575000,4,6060,1,1926
639000,4,12028,2,1982
710000,2,4000,1,1923
675000,3,10260,2,1987
405000,5,4781,2,2001
615000,4,13193,1,1965
490000,3,8190,1,1946
467000,3,1213,2,2005
480000,4,3960,1,1986
755000,6,4505,1,1952
760000,4,13300,1,1987
387000,2,1280,2,2012
925000,4,41984,1,1967
415000,2,60113,1,1943
263000,3,7775,2,1982
519900,4,9350,1,1967
570000,2,4025,1,1908
450000,3,44866,1,1953
1300000,4,74052,1,2001
300000,3,9900,1,1955
320000,3,7225,1,1965
387500,4,4440,1.5,1929
458000,1,10350,1,1976
1212500,4,16643,1,1995
380000,4,9764,2,2002
200000,3,5000,1,1967
385000,3,9630,1,1959
396675,2,6375,2,1945
452000,4,3760,1.5,1900
426000,4,8494,2,2004
792000,3,1050,2,1915
315000,3,31626,1,1987
1275000,4,7861,1,1970
326000,6,7200,1,1966
268500,2,8424,1,1953
440000,2,4000,2,1948
300000,3,7735,1,1967
525000,3,4773,2,1941
978000,4,13777,1.5,1926
1125000,6,3192,2,1919
700000,4,4021,1.5,1921
315000,2,6969,1,1955
309000,3,7500,1.5,1918
219950,3,9936,1,1967
289000,3,4700,2,2002
210000,4,28710,1,1950
260000,4,6671,2,1989
699000,4,7945,2,2006
1800000,4,16953,1,1962
299950,3,8000,1,1950
749950,3,10773,2,1992
1100000,3,6888,2,1939
555000,3,158558,1,1987
384000,3,4000,2,2003
499950,5,43560,2,1989
430000,3,4500,1,1906
350000,4,6953,2,1999
620000,3,9041,2,2004
765000,4,12100,1,1976
250000,4,6300,1,1961
376000,2,4000,1,1947
475000,4,7775,1,1950
120750,3,9628,1,1969
1690000,3,8965,1,1957
330000,3,43124,1,1959
619500,3,4105,2,1992
345000,3,11200,1,1954
598000,5,12478,2,1977
335000,3,10050,1,1967
372500,4,10523,2,1922
300000,6,5682,2,1978
194000,1,1060,1,2007
507500,3,8118,1,1963
325000,4,9680,1,1959
329900,3,4905,2,2004
329000,4,6765,1,1947
494000,4,4300,1.5,1925
206000,4,6025,1,1978
423000,4,6909,1,1941
259000,3,8625,1,1957
879950,4,13875,1,1938
345600,5,5120,2.5,1903
395000,3,2940,1.5,1920
625000,4,8048,2,2007
439000,3,251341,2,2003
380000,3,1468,2,2008
440000,3,1443,3,2007
415000,3,2377,2,2008
860000,4,8097,2,2014
500000,3,1200,3,2008
953007,4,5086,2,2008
515000,4,8765,2,2006
772000,3,1204,3,2014
329995,4,3680,2,2013
409316,3,3168,2,2014
490000,5,2975,3,2013
305000,2,2656,2,2009
785000,4,4684,2,2009
240000,2,7200,1,1993
325000,3,6750,1,1947
535800,4,5790,2,1994
720000,3,1159,3,2000
374000,3,9416,1,1961
189650,2,7600,1,1980
420850,1,40946,1,1945
815000,4,9614,2,1998
1065000,2,9466,2,1987
199000,4,8120,2,1950
195000,3,7350,1,1981
1506000,4,5800,2.5,1909
288400,3,3230,2,1997
442000,4,12007,1,1979
619420,4,14803,2,1988
635000,4,6180,1,1948
210000,3,4842,1,1916
512500,3,7604,2,1990
567000,3,6093,2,1999
525000,3,10362,2,1998
475000,4,2250,1,1909
250000,3,7258,1,1984
220000,3,9126,1,1956
230000,5,6120,1.5,1941
385500,3,7947,1,1961
895000,5,13927,1,1973
368250,3,7484,2,1988
249900,2,5500,1,1947
350000,3,7790,1,1969
175000,3,13056,1,1962
270000,3,10905,1,1957
495000,3,6250,2,1997
1580000,3,7200,2,2007
542500,5,1074218,1.5,1931
330000,3,9126,1,1969
1003000,4,6120,2,1926
299800,2,5240,1,1925
299900,3,6014,2,2002
691000,4,8632,1,1972
195000,2,3899,1,1972
405000,3,9620,1,1962
360000,2,7710,1,1909
256750,3,8991,1,1969
332500,3,10500,2,1995
975000,5,36450,2,1977
218000,3,7874,1,1956
429000,3,49928,2,1985
589000,4,5776,2,1998
255000,3,9039,1,1973
668750,4,6420,1,1964
344500,4,5453,1,2002
452000,4,6150,1,1945
540000,3,62290,1,1983
246000,3,23819,1,1953
535000,2,4841,1,1939
970000,4,5420,1,1963
430000,3,3000,1,1906
520000,4,11446,2,1992
712000,4,247421,2,2001
450000,2,4000,1,1940
220000,4,8005,2,1993
525000,3,4000,1,1948
1220000,4,3600,2,2008
540000,3,1691,2,2007
600000,4,5226,2,2001
600000,3,9053,2,1987
625000,4,48706,2,1986
150000,3,25000,1,1966
389999,3,1471,2,2003
285000,3,6000,1.5,1935
744000,4,13059,2,1998
700000,4,46173,2,1996
318989,4,9000,1,1978
556000,3,3600,2,1998
275000,3,6326,2,1993
430000,3,11160,2,1994
300000,2,13700,1,1949
396450,3,12446,1,1967
225000,2,111949,1,1940
700000,4,7875,2,2006
260000,6,8797,1,1977
655000,4,13402,2,1994
1185000,3,40946,2,1978
1550000,3,26027,2,1992
413800,3,4421,1,2007
950000,5,6000,2,2006
334990,4,4228,2,2014
2700000,5,8401,2,2005
1030000,3,13095,2,2009
1130000,4,8519,1,2007
556000,3,1168,2,2007
360000,3,1131,3,2009
480000,4,34293,2,1983
324000,3,7208,2,1994
1050000,4,35021,2,1983
275000,1,14149,1,1962
180000,3,5330,1,1969
749000,4,18199,2,1998
1600000,3,12824,1,1966
373500,2,3330,1,1918
770000,4,8001,2,1987
356000,2,16470,1,1977
625000,3,12558,1,1984
494400,2,1750,1,1904
585000,4,42200,1,1950
926300,3,4800,2,1907
600000,3,5100,1,1908
430000,4,8936,2,1990
307000,3,7500,1,1976
604700,4,14982,1,1981
219900,3,6000,1,1956
270000,2,867,2,2005
432000,3,1578,2,2007
300000,6,10812,1,1943
361000,3,4046,1.5,1922
249950,2,8532,1,1959
320000,3,10500,1,1978
305000,4,8100,1.5,1942
503000,2,59612,1,1948
235750,2,11250,1,1938
657000,4,8520,1,1954
385000,3,7300,1,1956
389950,4,8060,2,1991
150000,2,10270,1,1954
254500,4,7264,2,1998
555000,4,8140,1,1977
1075000,4,9200,1,1976
245000,4,8000,1,1967
319950,2,5824,1,1949
337000,3,6109,1,1951
492000,4,5000,2,1907
1170000,3,12130,2,1987
348580,3,7876,1,1966
180000,2,4500,1,1922
400000,3,6250,1,1942
295000,4,10640,1,1978
910000,4,10890,1.5,1963
1150000,6,219542,2,1996
431500,3,1612,2,2008
180000,4,7292,1,1962
677000,3,3207,1,1916
1180500,3,7200,1,1973
635700,4,13978,1,1977
482000,5,9600,1,1978
168000,2,2174,2,1998
805000,4,6000,1,1950
398000,2,10945,1.5,1983
665000,4,17388,2,1996
592500,4,8240,1,1968
940000,4,4000,1.5,1912
655000,4,12394,2,1999
622500,4,8107,2,2000
380000,2,987,2,2011
648360,4,7005,1,1947
432000,3,14925,1,1982
1050000,4,12590,1.5,1988
353250,2,1600,2,1979
1000000,4,18687,2,1996
320000,3,844,2,2007
349900,4,3723,2,2014
330000,4,6202,2,2005
408000,3,7221,1,2006
321000,3,1292,3,2010
1051000,4,5474,2.5,2007
2150000,4,10320,2,2008
359000,3,885,3,2008
300000,5,6000,2,2006
380000,5,4670,2,2013
660000,3,4332,2,2010
355000,3,959,3,2005
259000,3,3569,2,2011
353000,1,1279,2,2008
430000,2,1588,2,2007
460000,3,4005,1.5,1939
80000,1,5050,1,1912
782000,4,9614,2,1991
218000,3,9633,1,1982
325000,3,6862,1,1952
980000,4,5854,1,1967
902000,4,9200,1,1976
556000,5,16905,2,1991
662990,3,3600,1.5,1926
225000,2,11867,1.5,1975
439950,4,12067,2,2002
175000,2,44431,1,1958
306000,2,13500,1,1946
235000,4,39639,1,1970
399500,3,12676,2,1911
478000,3,2580,1.5,1910
515000,2,6500,1,1941
550000,3,5400,2,1992
149000,3,8645,1,1955
526000,3,3420,1,1992
527550,1,59677,1,1999
1050000,3,42769,2,1983
625000,3,10092,1,1984
950000,5,7452,2,1999
377691,5,8399,1,1942
648475,4,5700,1,1951
383000,3,5612,1,1942
535000,3,7620,2,1994
449950,3,4080,2,1923
465425,4,20720,1,1967
675000,4,36601,2,1987
599000,3,2500,1.5,1926
416000,3,9762,1,1963
595000,2,4500,1,1924
200000,4,11507,1,1966
402000,3,1827,2,2005
433000,4,9600,1,1966
275000,4,15531,2,1979
410000,3,9641,1.5,1983
554820,4,12905,1,1965
1325000,4,7920,1,1988
735000,3,9157,2,1984
607000,3,8114,1,1951
549900,4,213879,2,1987
258000,3,7540,1,1988
661254,4,6250,1.5,1940
945000,4,13367,1,1952
799950,4,196817,2,1993
132500,3,10500,1,1967
467100,3,8645,1,1973
1610000,4,11600,2,1990
641000,3,3975,1,1926
350000,3,11244,1,1947
335000,4,8476,1,1983
900000,3,217697,1.5,2000
440000,4,10400,1,1965
464600,3,5500,1.5,1925
1200000,4,172497,2,2003
300000,2,7788,1,1947
670500,4,6750,1,1951
552000,3,5000,1,1919
244000,4,8960,1,1943
788600,4,7200,2,2005
445000,3,8702,1,1987
530000,4,5000,1,1951
90000,2,7500,1,1943
585000,3,4572,1.5,1931
498000,2,8282,1,1924
379000,2,6380,1,1940
462000,3,2580,1,1919
388000,4,7155,2,1993
255000,3,8371,1.5,1984
665000,3,9550,1,1966
550000,3,9152,1,1959
606000,3,3920,1,1947
334000,4,6080,1,1965
360000,3,1323,3,2006
235000,2,1730,1.5,2007
580000,3,1173,3,2008
355000,3,1186,3,2007
375000,2,1430,2,2006
372000,4,9300,1,1979
479000,3,3000,1.5,1924
2000000,5,4443,3,2004
1680000,4,68257,2,1998
501000,2,4320,1,1924
245000,3,6908,1,1994
496700,3,5782,2,1989
347000,4,10026,2,1996
199000,2,7200,1,1943
440500,3,4399,2,2007
820000,4,7000,2,2005
325000,4,3435,1.5,1984
195000,3,8459,1,1991
675000,3,28000,1,1981
295000,3,4200,2,2003
355300,3,7410,1,1955
276000,3,5000,1,1960
460000,2,19877,1,1976
880000,3,35169,1,1989
370000,3,4050,2,2001
346000,4,3916,2,2009
172500,3,8800,1,1972
379950,3,9144,1,1956
468000,2,6000,1,1942
477000,4,6270,2,1978
529000,3,3328,1.5,1924
312000,3,1374,3,2004
326100,2,7683,1,1942
360000,3,9206,1.5,1954
438000,3,12940,1,1961
360000,3,9467,1,1954
1050000,4,7200,1,1921
688000,4,4000,1.5,1913
585000,3,7735,1,1983
265000,3,7741,1,1983
375000,3,8775,1,1973
326500,3,12375,2,1970
160000,2,9350,1,1918
1570000,4,5850,2,1927
735000,5,5211,2,2004
400000,2,6120,1,1940
800000,4,7200,1,1952
949880,4,10687,2,1978
405000,3,8100,1,1949
399000,4,9292,2,1979
730001,3,4750,1,1951
1795000,4,13000,2,2000
260000,3,8018,1,2003
751750,2,5400,1.5,1902
325000,3,13095,1,1983
344950,4,6250,1,1941
457500,3,4030,1,1925
389000,5,10750,1,1962
515000,4,6473,2,2005
732000,3,1987,2,2004
415000,3,8868,1,1964
1655000,4,4815,2,1937
535000,2,5527,1,1951
540000,4,3565,2,1940
525000,5,3800,1.5,1926
570000,3,36210,1,1977
569950,5,40902,2,2001
283200,4,6406,2,2004
1100000,3,4050,1.5,1926
830000,4,50662,1,1978
495000,4,9144,1,1956
292050,5,7199,1,2003
415000,5,10226,1,1961
295832,5,6400,1,1955
450000,4,8515,2,1999
1381000,4,9525,2.5,1997
857000,4,29043,2,1991
499950,3,1501,2,2014
465000,3,8640,1,1967
329000,3,5952,1,1964
475000,3,11502,1,1984
255000,3,8100,1,1955
435000,3,4000,1.5,1928
685000,3,7700,2,2001
715000,2,5581,1,2002
780000,3,2152,1.5,1925
345000,2,844,2,2005
355000,4,4970,2,2003
282000,3,15711,1,1994
244000,3,5250,1,1971
967500,3,5797,2,1951
375000,3,7294,1,1965
1600000,3,19000,2,1985
527500,3,78844,1,1977
994000,3,6339,1.5,1932
313000,3,6205,1,1948
587000,3,217800,2,1979
304000,3,7500,1,1972
675000,3,7680,2,1940
305000,4,9288,1,1968
280000,3,6250,1,1943
960000,5,15200,2,2005
500000,3,4539,2,1988
274950,3,7415,1,1987
455600,3,8252,2,1998
970000,5,15185,2,1964
312900,4,4473,2,2003
535000,4,5600,2,1921
427000,2,3780,1,1910
405000,2,6490,1,1942
480000,3,4945,1,1943
725000,3,4774,1.5,1940
293000,4,235063,1,1973
268000,4,6600,1,1967
475000,4,234352,2,1991
488000,3,2550,3,1985
760000,4,7399,2,2009
1710000,5,14685,2,2009
754950,3,7256,2,2014
263900,3,2700,2,2014
460000,3,1431,2,2006
399950,3,1051,3,2009
370000,2,835,2,2009
1149000,4,11533,2,2004
450800,4,5311,2,2009
627000,3,3475,2,2005
495000,3,1548,3,2013
310000,3,19901,1.5,1927
550000,4,34848,1,1933
215000,2,8865,1,1943
799000,4,209523,2,1984
630000,4,43101,2,1993
267000,3,4400,2,2007
900000,6,24773,1.5,1950
365000,3,12240,1,1963
544500,4,10414,1,1974
599000,4,2750,1,1917
815000,4,3800,2,2001
254000,2,8187,1,1952
740000,2,4800,1,1923
225000,3,24829,1,1979
925000,3,7000,2,1943
1285000,4,10800,1,1946
537000,3,12920,2,1999
335000,4,3132,1,1910
840000,4,2800,2,1906
224000,3,7300,1,1964
395000,3,3757,2,2006
450000,3,4600,1,1917
681000,3,6356,1.5,1907
898000,5,28014,1,1963
370000,3,2296,1,1908
429000,2,6315,1,2005
150000,3,7680,1.5,1910
555000,3,4270,2,2006
326000,3,28000,1,1958
225000,3,6755,2,1994
245100,3,7958,1,1996
665000,3,10370,2,1987
535000,3,4006,2,1994
305000,3,11776,1,1968
999000,7,34830,1,1957
215000,3,8075,1,1983
432500,3,5100,1,1965
655000,4,5669,2,2003
266200,3,9600,1,1966
244615,3,4030,2,1999
460000,4,52983,2,1991
370000,4,18645,2,1995
465000,6,23326,1,1967
1175000,3,23180,1,1937
189000,2,3171,1,1927
820000,3,5503,2,1995
968000,6,17580,1,1959
1400000,4,7000,2,1900
438750,3,6480,1,1947
1210000,4,6982,2,1951
600000,4,38141,1,1960
589000,3,6000,1.5,1932
590000,3,6150,2,1926
479900,3,12150,1,1994
210000,2,1157,2,2007
745000,3,9800,1,1947
840500,3,5400,1.5,1906
420000,3,22320,1,1977
565000,7,9066,1,1978
840000,4,8405,2,2000
681716,4,7277,2,2006
600000,3,7416,1,1967
380000,3,8281,1,1949
168500,3,10125,1,1969
355000,2,3200,1,1920
277000,4,6250,1,1964
236000,4,9485,1,1989
270000,3,4127,1,1918
700000,2,5500,1.5,1925
425000,4,9545,1,1979
635000,3,5500,1.5,1921
510250,3,4000,1,1951
960000,4,4560,2,1929
254000,3,7480,1,1992
299000,3,9624,1.5,1954
175000,2,2699,1,1996
157500,2,9003,1,1949
580000,5,6000,1,1945
124740,3,15600,1,1978
1970000,8,6480,2,1959
285000,2,6240,1,1954
242000,3,9645,1,1979
840000,4,4000,2,1924
474800,2,1243,3,2000
490000,4,4367,2,2003
465000,3,5752,2,2003
515000,4,7178,2,2004
430000,3,7140,1,1943
253400,3,8640,1,1968
355000,3,9701,1,1990
740000,4,46355,2,1998
186950,2,1302,2,1986
306000,3,11193,2,1984
510000,4,8800,1,1961
345000,2,4000,1,1940
875000,3,4280,1,1917
700000,4,5099,2,2006
1400000,4,9160,1,2005
499950,4,4473,2,2012
739000,3,5400,2,2005
363000,4,7204,2,2008
782000,4,8095,2,2007
325000,2,1609,2,2005
485000,4,4300,1.5,1916
452000,4,10002,1,1968
264950,4,9753,1,1978
472000,6,14034,1,1965
267500,3,11914,1,1957
565000,4,22594,2,1996
535000,3,1016,3,2003
389000,2,7000,1,1952
400000,4,7200,1,1965
264000,3,14821,1,1958
690000,4,9904,2,1990
412000,3,52256,1,1985
695000,3,4555,2,2006
246500,3,11600,1,1964
230000,2,7560,1,1958
302000,2,423838,1,1925
820000,4,6660,1.5,1940
145000,3,5490,1,1954
436500,2,5000,1,1951
2453500,4,13586,1.5,1935
672000,3,21587,2,1992
680000,3,4000,1.5,1927
750500,5,2440,1.5,1911
550000,5,9488,1,1900
266500,4,7632,1,1978
619000,4,3400,1.5,1915
405000,3,14404,1,1988
300000,2,3844,1,1916
231000,4,6375,2,1942
790000,5,12160,1,1967
400000,4,3867,1,1987
950000,4,13392,2,2000
450000,4,7725,1,1956
595000,3,5000,1,1928
332000,3,8876,1,1977
155000,3,6250,1,1949
400000,5,9747,1,1962
349000,4,7800,1,1981
529000,3,6420,1,1944
405000,5,10000,1,1963
635200,4,4240,1,1921
540000,3,5085,1,1940
402000,2,1173,2,1943
3100000,6,15682,3,1999
329932,3,5040,1,1971
300000,3,9827,2,1989
525000,5,9216,2,2003
2750000,4,21000,2,1952
602500,4,6850,2,1999
400000,4,12056,1,1955
445000,4,4725,1.5,1944
525000,3,5238,1.5,1989
395000,2,1824,1.5,1909
510000,3,3800,2,1929
723000,4,8680,1,1959
503000,3,108900,2,1988
672500,4,6707,2,2000
860000,3,9136,2,1991
475300,3,10005,1,1924
295000,4,4539,2,2001
1425000,4,6000,2.5,1909
250000,2,26051,1,1951
658000,4,6166,2,2008
83000,2,8580,1,1918
685000,3,7313,1,1960
210000,3,7617,2,1986
650880,3,6050,2,2008
350000,4,22653,2,2011
305000,2,905,3,2006
645000,3,1229,2,2008
385000,3,4800,1,1901
860000,3,12095,2,1983
395000,4,5000,2,2002
260000,3,5850,1,1980
196440,3,7352,1,1992
425000,3,3000,1,1900
2400000,4,20734,1,1977
369000,3,8509,1,1959
1385000,6,20000,1,1977
349900,3,7278,2,1990
650000,2,2500,2,1994
299950,3,9525,1,1955
625000,4,25639,2,1989
190000,3,11745,1,1978
715000,4,7200,1,1947
659000,4,11375,1,1946
490000,3,5405,1,1947
415000,2,4664,1,2004
750000,3,8400,1,1947
700000,4,3570,1.5,1927
425000,3,44000,1,1989
642000,3,10082,1,1987
655000,4,8470,1,1983
1365000,3,6000,1.5,1928
458000,5,23265,1,1957
330000,2,1546,2,2007
384950,3,3690,2,2000
560000,3,7350,1,1953
950000,4,92347,1,1970
465000,4,20349,1,1977
425000,3,8058,1,1974
315000,3,5750,1,1981
530000,3,9906,2,1988
399000,2,4800,1,1911
168000,2,3568,1.5,1976
1886700,5,17935,2,2004
374000,3,9800,1,1971
740000,5,18897,2,1937
280000,2,7560,1,1919
322000,4,7200,2,1994
459900,3,11000,1,1951
750000,4,4674,1,1976
1256500,4,13700,2,1966
3710000,4,28078,2,2000
427000,5,4000,1,1973
800000,2,31491,2,1947
735000,4,4120,1.5,1931
642000,4,8780,2,1992
240000,3,6000,1,1900
645500,2,5202,1.5,1909
840000,7,37607,1.5,1982
475000,2,54450,2,1983
568000,4,50233,1,1966
325000,3,10230,1,1961
825500,3,11964,2,2009
499431,4,6019,2,2013
919204,4,5000,2,2014
545000,4,4738,2,2012
660000,3,40910,2,1984
538888,5,13189,2,1987
693000,3,12028,2,1996
289950,3,3480,2,2004
587000,4,6256,2,1992
615000,3,1146,3,2014
459000,3,7330,1,1974
243000,3,12000,1,1960
1505000,4,7232,2,1926
660000,4,9900,2,1978
1595000,5,8239,2,1982
250000,1,4000,1,1918
315000,3,6634,1,1952
404000,3,8880,1,1963
559900,3,5569,1,2004
285000,2,1073,2,2011
500000,3,5525,1,1941
380000,2,4800,1,1950
469000,3,4250,1.5,1948
405000,2,4234,2,1920
439900,2,12282,1.5,1909
525000,4,7631,2,2006
580000,4,7064,2,1988
1250000,5,13238,2,1972
275000,3,4500,1,2008
629000,3,5000,1,1920
395000,1,3000,1,1911
965000,4,5000,2,1938
820000,3,6272,1,1960
661000,4,4600,1.5,1932
789000,3,39640,2,1991
668500,4,5500,2,1999
350000,3,7836,2,1990
250000,4,7560,1,1978
725995,4,7869,2,2001
1000000,3,5832,2,1998
686000,3,9990,2,1961
665000,4,10000,2,1987
1965221,4,8510,2,2003
653000,3,3475,2,2006
430000,2,4802,1,1947
305000,2,2980,2,1988
809000,4,4337,2,1917
440150,2,6800,1,1947
615000,4,9070,2,1985
1035000,3,5750,2,2003
455000,2,6000,1,1941
635000,3,7200,1,1940
675000,3,9002,2,1988
316000,3,8721,1,1987
955000,3,43560,2,1969
985000,3,5400,2,1912
465500,3,7004,1,1965
305000,3,13475,1,1950
645000,4,14400,1,1963
730000,4,6000,1,1939
366000,3,8301,1,1967
290000,3,4828,2,2002
472500,3,15500,1,1982
550000,3,4064,1.5,1925
410000,4,11875,1,1969
440000,4,11034,1,1967
535000,3,9626,2,1984
300000,4,7476,2,2003
432500,3,6396,2,2002
870000,4,21780,2,1980
492000,3,39927,1,1978
199950,3,7245,1,1969
439800,3,6900,1,1956
320000,5,21441,1,1978
687000,4,186846,2,1993
345000,3,5650,1,1963
274950,3,8820,1,1958
270000,4,8497,2,1998
342000,2,1366,2,2005
327000,3,13200,1,1970
610000,5,3839,1,1962
455000,2,5720,1,1947
540000,4,4240,1.5,1925
411000,4,9915,1,1976
544000,3,8203,1.5,1910
802000,2,6327,1,2003
568500,3,7519,1,1981
391000,3,1290,2,2004
298000,3,3600,2,2010
400000,3,936,3,2006
425000,3,6000,1,1979
328500,3,8130,2,1990
650000,5,5040,1.5,1902
850000,3,3850,1,1911
930000,4,4000,2,1908
530000,3,6041,1.5,1942
495000,4,8872,1,1961
500000,3,4200,1,1945
325000,3,26337,1,1980
365000,3,99916,2,1990
471000,4,9687,2,1998
223000,3,9120,1,1961
503000,3,4882,2,1999
230000,3,5600,1,1942
550000,4,9600,1,1980
1100000,4,3200,1.5,1925
193000,3,9048,1,1960
590000,4,57514,2,1939
712500,3,8797,1,1956
689800,3,9313,1,1942
430000,3,5120,1.5,1924
785200,3,3500,1.5,1910
474900,3,43647,1,1976
1070000,4,12320,2,2001
435000,3,132858,1,1988
941500,5,9680,2,1980
312000,4,5175,2,2003
835000,4,4000,1.5,1930
713250,3,9000,1,1951
440000,2,6600,1,1906
580135,4,5886,2,2014
575000,3,33825,1,1976
613000,3,3068,2,1991
235000,3,8700,1,1970
660000,3,2798,3,1953
280000,2,15641,1,1940
268000,3,10270,1,1966
235000,2,4840,1,1947
390000,3,7236,1,1947
654950,4,45902,2,1987
449500,5,7488,1,1969
150000,3,8220,1,1959
440000,3,57063,2,1989
710000,3,4923,1,1928
420000,3,9600,1,1981
312000,3,5338,1,1954
320000,3,10758,1,1952
235000,3,15603,1,1959
437000,5,137565,1.5,1913
545000,3,3000,1.5,1903
640000,3,11172,2,1993
432000,3,4036,2,2003
548000,3,4099,2,2001
830000,3,10521,1.5,2004
875000,4,12384,1,1970
409950,2,5125,1,1944
695000,4,12146,2,1998
562100,3,12112,2,1983
475000,3,7210,2,1989
425000,3,9000,1,1978
600000,4,9873,2,1987
770000,3,54059,2,1987
239000,3,16480,1,1968
295000,2,10621,1,1963
560000,3,10182,1,1963
613000,5,12000,1,1967
960000,4,9150,2,1981
847000,5,4623,2.5,1905
206000,3,9600,1,1962
253000,2,5000,1,1921
430000,4,7203,1,1973
605000,3,4040,1,1947
425000,2,1182,3,2007
720000,4,12648,2,1986
375900,6,33740,1,1958
1298000,4,10125,1.5,1985
210000,3,7962,1,1962
234000,2,5375,1,1952
285000,3,18296,1,1958
400000,3,4800,1,1962
718000,3,4958,1,1952
174500,2,2689,2,1986
222400,3,9566,1,1995
402500,3,4002,2,2009
250000,3,7652,2,1996
600000,4,14242,1,1958
930000,2,11214,1,2006
272500,3,7622,1,1983
363990,4,3712,2,2014
575000,4,7644,2,2010
400000,3,4706,2,2009
427874,3,5002,2,2013
309000,5,4045,2,2014
320000,3,1602,2,2013
390000,3,7500,1,1942
299000,1,12120,1,1967
375000,4,7475,1,1955
240500,3,10584,1,1997
320000,3,9380,1,1978
1270000,5,17204,1,1952
658588,3,41346,2,1986
270000,3,4252,1.5,2003
327500,3,7140,1,1989
340000,3,12626,2,1978
200000,3,15837,1.5,1903
1025000,3,8000,1,1960
275000,3,8755,1,1983
1126000,5,13885,2,1979
280000,2,4920,1,1942
485000,3,59058,1,1985
1901000,3,13367,2,1992
865000,3,4725,2,1947
532000,3,4910,2,1993
364950,4,8030,2,1978
212500,3,14400,1,1977
135000,1,13062,1,1942
437000,2,6800,1,1942
390000,3,11108,1,1952
760000,4,36183,2,1986
119500,3,11000,1,1980
2400000,5,9088,2,1912
837500,4,9320,2,1994
327500,4,7800,1,1968
175000,2,2378,1,1919
289950,3,7757,1,1992
400000,3,10731,1,1986
219950,3,7615,1,1984
161700,4,7200,1,1974
500000,5,11440,2,2003
465000,3,4500,1,1948
540000,3,4160,1,1925
525000,3,7800,1,2004
324950,3,7440,1,1949
565000,5,11455,1,1961
760500,3,3990,1,1912
1100000,5,8737,1,1969
603500,4,9734,1,1977
453500,5,23345,1,1967
583000,6,16411,1,1974
275000,2,8149,1,1948
875000,4,10669,2,1999
335000,4,7210,1,1979
646000,4,8500,1,1978
392500,4,7303,2,2005
785000,3,9600,1,1961
470000,3,12669,1,1956
560000,3,12708,2,1996
519000,2,2820,1,1920
746000,3,9619,1,1973
317000,3,5400,1,1959
371000,3,4500,1,1959
250000,4,8701,1.5,1960
532000,4,7029,1,1979
499950,3,2208,2,2007
375000,2,6250,1,1922
640000,3,1553,2.5,2007
400000,3,11305,1,1986
572000,3,7897,1,1986
310000,3,11150,1,1995
989000,5,4000,2,2003
685000,4,45514,2,1989
907500,4,8642,2,1987
427500,4,5091,2,2003
860000,3,32467,2,1998
365000,2,8100,1,1947
250500,3,7225,2,1988
411715,3,5101,1,1952
415000,4,5962,2,1999
129000,1,15364,1,1967
489000,3,9072,1,1930
170000,2,18540,1,1950
418500,3,4399,2,2007
261000,3,29308,1,1983
2005000,6,28176,1,1969
355000,2,4000,1,1947
742000,3,704,3,2011
399950,3,5244,1,1959
791000,3,5500,2,1989
190000,5,10284,1,1943
229500,3,33224,1,1968
539000,3,2300,2,2005
549000,4,88426,2,1991
545000,5,17240,1,1958
285000,3,5136,2,2011
648000,4,6203,2,2008
610000,4,5260,2,2012
767450,3,7599,1,2006
765000,4,5104,2,2006
586500,3,1487,3,2006
520000,3,1487,2,2011
455000,3,1189,3,2006
653000,3,9750,1,1979
279950,3,9750,1,1961
449950,3,4912,2,2003
565000,3,9966,1,1977
620000,4,5350,1.5,1929
269000,3,4250,1,1967
875000,3,6000,2,2001
630000,4,40202,1,1980
425000,4,15349,2,1957
647500,3,3870,1,1916
450000,4,4676,1.5,1916
440000,3,7500,1,1900
445000,4,3784,2,2008
530000,4,7665,2,1968
875000,5,5568,2,1906
685000,3,219978,2,1990
798000,3,6402,2,1999
297500,4,5000,2,2005
749950,4,35235,2,1983
495000,5,4750,1,2006
540000,4,8400,1.5,1962
395000,3,22651,1,1961
1300000,6,3880,3,1977
1075000,5,17811,2,2001
214100,2,2064,2,2004
210000,4,10403,1,1959
499500,3,53143,1.5,1988
546000,2,3400,1,1924
292000,5,7666,1,1989
289000,3,8424,1,1993
240000,3,4825,1,1957
395000,4,7931,1,1983
795000,4,13084,1,1967
955000,4,193593,2,2001
725000,4,10962,1,1977
335000,4,4781,2,2009
492000,4,10840,2,1994
250000,3,10384,1,1976
700000,3,4800,1,1959
545000,3,51649,1.5,1931
555000,4,10720,1,1976
640000,3,4206,1,1917
390000,3,868,3,2003
466500,3,3840,1,1945
372500,3,12324,1,1981
1800000,5,15580,2,2003
255000,3,6176,2,1994
466800,3,14250,2,1996
749000,3,10338,2,1987
610000,4,29110,2,1990
356000,2,4095,1,1914
165000,3,19200,1,1908
229000,2,7408,1,1941
530000,4,35654,2,1973
499950,3,12753,2,2001
619000,4,3800,1.5,1926
547000,3,8381,1,1968
359800,4,6426,2,1999
499000,3,1432,2,2008
189000,3,7560,1,1958
799000,4,8547,2,1994
257000,4,7642,1,1990
270000,3,9450,1,1957
453500,4,6032,1,1959
237000,3,10650,1,1954
456000,4,9886,1,1947
355500,3,5540,2,2004
299950,4,31299,1,1965
335000,3,5360,1,1919
268500,4,4237,2,2006
385000,3,11500,1,1978
376000,4,5773,2,2005
605004,4,4000,2,1951
886000,4,3900,1.5,1923
560000,4,3713,2,2003
343000,4,4500,2,2004
1415000,4,43950,2,1989
270000,3,13500,1,1968
411605,4,3960,2,2014
550000,4,5150,2,2007
465000,3,1245,2,2014
584000,3,1485,2,2007
275000,3,1080,2,2006
324500,3,3990,2,2009
700000,3,4185,2,2011
385200,4,7740,1.5,1954
270000,4,8600,1,1975
735000,4,6180,2,2013
389250,2,4080,1,1956
315000,3,12500,1,1954
545000,4,6034,2,1990
550000,3,5000,1.5,1926
415000,3,12596,1,1977
387500,3,14333,1,1953
432000,3,6250,1,1939
402000,3,9994,1,1959
1035000,4,11240,2,1960
294700,3,9600,1,1967
744000,3,12187,2,1986
715000,3,13458,2,1990
500000,4,4011,1.5,1904
1300000,4,6002,2,2004
1150000,3,16600,1,1979
650000,4,9354,2,1990
435000,4,50994,2,1983
510000,3,7040,1,1974
525000,5,8000,1,1972
920000,4,5750,1.5,1928
200000,2,9610,1,1962
435000,2,4080,1.5,1926
809950,4,9900,1.5,1959
1370000,2,16940,1.5,1936
455000,4,94525,1,1959
471000,3,2805,2,2001
253500,2,4800,1,1948
185000,3,8100,1,1953
535500,3,40250,2,1983
835000,2,6815,1,2002
589500,4,6326,2,2008
680000,3,23900,1,1975
360000,3,7020,1.5,1953
595000,4,2175,2,2005
300000,4,15508,2,1999
660000,3,3300,1.5,1926
570000,3,6975,2,1993
285000,2,5000,1,1943
435000,3,5000,1,1940
160000,3,103237,1,1918
805000,5,19831,1,1956
450000,3,1961,2,2005
510000,4,14250,1,1954
1120000,5,18500,1,1963
1280000,4,3600,2,1999
539000,3,9568,1,1985
407193,4,14653,2,1978
320000,3,9900,1,1983
739000,4,3800,2,1919
452000,2,5400,1,1946
600000,4,5593,2,2001
279000,5,5557,2,2012
895000,4,5562,2,2013
585000,4,4747,2,2008
405000,2,1073,2,2007
837219,5,7679,2,2014
969990,4,8436,2,2014
490000,3,2940,3,1985
611000,6,53173,1,1974
462000,4,6432,2,2006
540000,4,4169,2,1994
260000,4,4381,2,2007
510000,4,62290,2,1976
567500,3,7398,2,2001
445000,2,3225,1,1915
684680,4,9360,2,1979
2700000,4,7850,2,2001
455000,3,3550,1.5,1927
540000,5,4369,2,2007
530000,3,7200,2,2009
410000,3,5060,1,1956
450000,3,13500,1,1940
609900,4,7399,2,2006
648000,4,13435,2,1992
550000,3,4165,2,2005
347000,3,8050,1,1978
1635000,5,26784,1,1958
1339000,4,19387,2,1972
288350,3,7963,1,1963
1150000,3,10474,1,1954
525000,3,36445,2,1980
250250,3,8000,2,1969
341000,4,7665,1,1975
700000,4,7778,2,2000
390000,4,7875,1.5,1968
539950,3,7149,1,1963
552000,2,951,3,2006
250000,5,5753,1.5,1928
502000,3,8800,1,1963
480000,4,6500,2,1964
378500,2,7528,1,1946
1350000,4,15907,2,1985
1900000,4,112521,2,1978
605000,3,47480,2,1981
307550,4,5909,2,2003
304700,2,5995,1,1949
568000,3,3520,1,1977
385000,3,7500,1,1987
345000,3,1420,3,2008
435000,3,7200,1,1973
579000,2,6275,1,2003
236000,3,6301,1,1998
305100,3,35988,1,1974
368000,3,10800,1,1958
255000,2,9000,1,1917
400000,2,5100,1,1942
440000,3,8153,1,1948
417000,2,6600,1,1919
435000,2,5000,1,1906
475000,4,11443,1,1952
563500,4,12831,2,2001
285000,3,35127,2,1987
471000,4,9928,2,1998
500000,4,9886,1.5,1965
640000,3,8925,2,1991
442500,4,14024,2,1992
213400,3,8686,1,1963
831000,4,3905,1.5,1926
325000,3,11805,1,1986
425000,2,4635,1,1905
550000,4,5100,1,1968
599950,4,15029,2,1991
1225000,4,16007,2,1984
750000,4,5000,2,1987
290000,4,4500,2,1974
270000,4,7252,1,1999
229950,4,21000,1,1969
234999,3,8912,1,1948
265000,2,31505,1,1960
367300,4,14937,2,1993
550000,3,3402,1.5,1900
743700,4,33206,2,1988
352750,2,1241,2,2008
403950,2,1136,2,1943
980000,4,4800,1.5,1909
585000,4,131790,2,1937
554000,3,10780,1,1977
546000,3,3464,2,1998
280000,2,158558,1.5,1948
212500,2,21712,1,1938
739000,4,246114,2,1999
428000,3,2550,1,1986
965000,4,34560,1,1981
364900,3,8304,2,1997
559000,3,5386,1,1948
213000,4,9000,1,1978
620000,3,7237,2,2004
240000,4,16320,1.5,1934
852500,3,10100,1,1967
600000,3,77972,2,2004
410000,3,4400,2,2006
328000,3,45302,2,1977
625000,3,16200,1,1958
649950,4,63162,2,1994
235000,3,13000,1.5,1944
489000,3,1249,2,2004
536000,3,6224,2,2005
400000,4,3692,2.5,2013
398000,3,1715,2,2004
379000,4,7560,1,1960
345000,2,1210,2,2008
365000,3,2700,2,2011
315000,3,1590,2,2010
571000,4,7807,1.5,1916
1025000,5,28040,2,1983
695000,3,4694,2,2005
225000,3,26055,1,1979
740000,3,25341,2,1995
315000,4,9643,2,1992
1230000,4,7000,2,2001
420000,2,3880,1,1916
310000,3,7650,1,1984
700000,3,3880,1,1954
269000,3,4200,2,2003
369990,4,7133,2,2002
800000,3,4500,2,1926
569000,5,10583,1,1952
175000,6,8400,1,1971
440000,3,1286,3,2000
435000,5,15247,1,1986
345000,3,6909,1,1955
558000,4,3870,1,1900
475000,2,224334,1,1983
490000,3,10275,2,1980
335000,3,9133,1,1978
350000,2,43710,1.5,1978
100000,4,2685,1,1939
417500,4,10800,1.5,1941
253000,3,7281,1,1962
1240000,5,7500,2,1923
490000,4,8302,2,1994
470000,3,14800,1,1965
483300,4,11100,1,1955
659000,3,6320,2,1996
480000,4,4322,1,1910
165000,3,6600,1,1965
659500,3,5500,1,1957
219900,3,7742,1,1967
315000,2,3622,1,1924
250000,3,7560,1,1984
268000,2,5000,1,1943
380000,4,11123,1,1959
499000,2,3000,1,1926
285000,2,18200,1,1946
183000,3,9200,1,1973
1070000,3,4622,2,1988
429000,3,1246,3,2005
403000,2,3598,1,1926
375500,3,7200,1,1975
1795000,5,17232,2,1977
516200,3,5150,1,1919
385000,4,8750,1,1971
515000,3,5001,2,1996
375000,4,9427,2,1999
650000,4,9731,2,1973
306888,2,7719,2,1981
870000,4,12248,2,1998
310000,4,11075,1.5,1965
251750,3,7200,1,1975
366000,3,8625,1,1976
429950,3,9480,1,1951
710000,3,3427,2,2000
895000,5,20875,1,1953
149500,3,9450,1,1959
310000,3,6771,1,1990
555000,3,4976,1.5,1930
750000,5,7500,2,1937
745000,4,7024,2,2006
695000,3,45254,2,2001
433000,3,7189,1,1959
307000,4,8184,1.5,1947
655275,3,11856,1,1962
392000,4,6555,2,1990
1180000,5,6000,1.5,2004
359950,3,9100,2,1952
360000,4,10375,1,1968
566000,4,5000,1,1954
700000,5,9825,2,1950
415000,3,6045,2,2000
199500,3,9812,1,1962
749000,3,5000,1.5,1926
680000,3,8400,1,1960
400000,4,7563,1,1978
608000,4,9714,1,1983
589900,4,35889,2,2001
480000,5,9500,1,1975
1059500,5,3825,2,2014
915000,6,14980,2,2013
695000,4,9364,2,2001
899900,4,3909,2,2013
499950,2,1208,2,2005
533112,4,8853,2,2013
303210,4,5000,2,2014
525000,5,8364,2,2006
399950,2,1157,2,1943
850830,3,13241,1.5,1910
371500,3,8336,1,1964
522000,3,8400,1,1980
588000,4,5000,1,1950
276900,2,10096,1,1952
248000,5,9078,1,1959
280000,3,6607,2,1989
495000,6,4500,2,2007
665000,6,4400,2.5,1902
290300,2,3874,1,1931
527000,2,4080,1,1921
487028,2,1093,2,2007
325000,3,27427,1,1978
799000,3,6300,1.5,1916
7062500,5,37325,2,1940
354000,3,10368,1,1965
262500,3,8906,1,1962
560200,3,3984,2,2004
220000,3,6300,1,1942
650000,2,5750,1,1928
435000,3,2581,3,2004
800000,4,4000,2,1909
1010000,4,29224,2,1987
200000,2,4700,1,1953
295000,5,5107,2,1999
580379,4,27820,1.5,1976
875000,4,32109,2,1995
515000,3,19585,2,1951
599000,4,230868,2,1989
285000,3,4060,2,2005
290000,3,15090,1,1968
355000,1,20339,1,1946
381000,3,11407,1,1954
571000,3,7465,2,1988
852600,4,11901,2,1977
1085000,5,6000,2,1922
371000,3,7200,1,1951
514000,3,5899,1,1986
386000,3,1318,2,2004
464000,4,7203,2,1989
335000,4,13500,1,1963
740000,4,17833,2,1979
465000,4,5350,1,1955
700000,3,7378,1,1948
785000,3,21870,2,2004
350000,3,1592,2,2006
148000,1,8261,1,1939
530000,3,3680,1,1927
349000,3,1002,3,2002
240000,3,9760,1.5,1984
330000,3,7557,2,1989
735000,4,5100,1.5,1909
545000,3,15693,1,1979
214950,3,4875,1,1977
657500,4,24190,2,2002
476000,3,5500,1.5,1908
2888000,5,64033,2,1965
110000,2,15000,1,1927
292000,4,7693,2,2006
317000,3,8813,1,1952
455000,4,10688,2,2001
1365000,5,17258,2,1995
460000,3,4437,1,1929
405000,3,7201,1,1948
333000,2,6686,1,1942
427000,4,4736,1.5,1901
742000,4,10986,2,1997
465000,4,9702,1,1965
809950,4,6181,2,2001
619400,4,3610,1.5,1927
762400,3,14607,1,1949
535000,5,49222,2,1978
881000,5,4125,1.5,1925
813000,4,6675,1,1948
234000,3,5280,1.5,1910
308900,3,7294,2,1994
450000,4,19250,1,1955
547500,3,2262,3,2010
399950,2,1131,2,1943
516000,4,8698,2,2007
250000,2,846,2,2006
475000,3,2520,2,2005
415000,4,4500,2,2009
545000,2,2150,2,2014
329950,3,7566,2,2012
1325000,5,20158,1,1965
784000,3,111078,1.5,1989
610750,4,7297,2,1984
578000,4,9225,1,1966
1485000,4,10800,2,2006
501000,3,7972,1,1976
465250,5,7642,1.5,1957
2250000,5,9453,1.5,1905
1095000,0,4764,3.5,1990
315000,2,5665,1,1908
900000,4,44431,1,1957
789500,4,6100,2,2005
678500,3,6600,1,1952
342500,3,11375,1,2002
860000,4,7012,2,2005
306000,4,8124,2,2001
580000,5,6000,2,1903
405000,3,15678,1,1984
510000,3,19200,1,1967
173000,2,10450,1,1965
210000,4,7680,1,1968
445000,3,5664,1,1947
585000,3,1501,2.5,2007
381000,3,6000,1,1950
890000,3,8640,1,1966
235000,3,9697,1,1985
480000,3,1103,3,2005
575000,2,4032,1.5,1935
350000,4,4600,1.5,1904
259000,4,7560,2,1966
599000,5,4608,1,1967
210000,4,7840,1,1970
1184000,4,7500,1.5,1948
545000,3,5000,1.5,1909
299995,3,7500,2,1988
440000,3,5750,1.5,1910
699000,4,27441,2,1996
795000,3,17859,1,1979
445000,5,6846,1.5,1911
397990,3,11862,1,1948
706000,3,6400,1,1942
363000,3,1779,2,2008
850000,4,11843,2,1972
620000,2,3000,1.5,1929
1228000,4,44947,2,1991
333000,4,9244,1,1963
743000,3,11250,1,1961
448000,2,3780,1,1940
485000,4,35073,2,1989
489950,4,31941,1,1986
498500,5,7420,2,1996
531000,3,9736,2,1988
670000,3,6420,1,1956
310000,5,5000,1,1997
835000,3,12523,2,1977
1688000,4,7500,2,1937
495000,4,7245,2,2003
495000,3,9300,1,1955
440000,3,6556,1.5,1926
280000,1,6720,1,1922
1070000,4,35445,2,1989
1034500,4,10858,2,2003
248000,4,5855,2,2003
294000,4,8465,1,1990
561000,3,4140,2,2004
656500,4,4750,1,1919
660000,3,2970,2,1925
370000,2,17172,1,1947
349950,3,9525,1,1966
223000,2,9869,1,1957
560000,4,3880,1.5,1944
594000,4,5200,2,1937
600000,3,5400,2,1914
315000,3,7000,2,1993
430000,4,6000,1,1947
440000,3,7392,1,1972
312500,2,1200,2,1999
1240000,5,14380,2,2006
300000,3,1235,2,2008
680000,3,3600,2.5,2007
336750,2,1011,2,2009
822500,5,4960,2,1926
589000,4,9600,2,1961
863000,4,22370,2,1997
210000,2,5680,1,1978
206135,3,11070,1,1978
1125000,6,4360,2,2014
285000,3,8601,1,1905
230000,2,7550,1,1986
845000,4,115434,2,2002
350000,3,9545,1,1976
304000,3,8184,1.5,1947
370000,2,4600,1,1951
810000,3,13503,1,1952
440000,4,7575,1,1974
1030000,4,4800,2,1905
775000,4,10875,1,1939
1335000,5,5800,2.5,1906
235000,3,8540,1,1980
499950,3,3000,1.5,1926
622500,5,23760,2,1975
300000,4,10814,1,1966
205000,3,6566,1,1976
435000,3,8173,1,1997
697000,4,48351,1.5,1978
153000,3,6405,1.5,1944
454000,4,39000,2,1979
345000,2,26615,1,1987
585000,3,2807,1.5,1927
380000,4,6365,2,2000
250600,4,8660,1,1981
890000,4,13500,2,1974
370000,4,5338,2,2001
369500,3,9957,1,1961
883000,4,54450,2,1999
950000,4,35081,2,1989
615000,3,20820,1,1978
305000,3,5240,1,1983
590000,4,7972,2,1989
485000,3,6065,2,1985
215000,2,7200,1,1943
430000,3,5040,1.5,1971
324900,4,7965,2,2000
849900,2,641203,2,1990
975000,5,10014,1,1973
910000,5,4000,2,1993
459950,3,6869,1,1919
325000,3,8337,2,1997
513000,4,7070,1,1958
475000,3,12177,1,1981
419000,4,7947,2,1993
760000,4,10285,1,1958
1120000,5,6660,2,1954
129000,2,30184,1,1950
725000,5,12000,1,1968
580000,3,4627,2,1992
385000,3,4833,1,1921
265000,4,10588,1,1958
1735000,3,32093,1.5,1982
330000,3,1155,2,2005
665000,4,43091,2,1989
799000,3,4442,2,2000
589000,3,8800,1,1925
1695000,2,3000,2,1900
538000,3,7200,1,1906
530100,3,3399,1.5,1926
718500,3,6600,2,1900
299000,3,13927,1,1962
556000,3,7437,1,1948
171000,4,19672,1,1920
540000,5,9775,2,2003
250000,3,3814,2,2012
795000,4,3250,2,2007
575000,3,1287,2,2006
379500,3,1287,2,2005
385000,4,5276,2,2006
415500,4,4779,2,2009
397500,3,6710,1,1972
530000,3,7214,2,2005
883000,4,41656,2,1985
850000,5,11880,1,1968
496752,2,5000,1,1923
330000,3,8865,1,1950
735000,4,4187,2,2010
525000,4,4924,2,2008
269950,3,4838,2,2002
650000,3,9484,1,1953
520500,3,8100,1,1940
652500,4,9122,2,1990
506000,5,8000,1,1957
416000,3,12150,1,1957
500000,4,15347,1,1960
460000,3,4708,1,1949
371025,3,8925,1,1977
576000,4,28405,2,2002
353500,4,9602,2,1987
1735000,4,5000,2,1926
183000,3,8100,1,1957
763101,3,5560,1,1939
460000,2,4000,1,1951
825000,4,6938,1.5,1919
265000,3,9150,1,1969
295000,3,8235,1,1960
418000,4,6250,1,1960
554000,3,108900,2,1999
534500,3,3150,2,2005
690000,2,4000,1,1918
530000,4,6360,2,1988
357186,2,1040,2,2014
300000,5,6355,1,2007
304000,4,8750,1,1967
385000,4,4080,1,1984
415000,4,2970,1,1923
963000,4,6603,2,2007
792500,4,175421,2,2004
309212,3,9600,1,1979
235000,2,1805,2,1999
667000,3,8100,2,1907
470000,3,8000,1,1956
375000,4,3000,1,1908
410000,4,9581,1,1953
566000,4,7737,2,1987
680000,4,4950,2,2010
332000,1,2640,1,1908
902000,4,8507,2,2003
500000,3,10800,1,1947
445000,3,32340,1.5,1976
825000,4,9800,1,1973
1095000,4,8400,2,1958
277000,3,8536,1,1957
545000,3,9775,1,1975
435000,3,9521,2,2003
638000,3,3600,2,2005
418000,4,10580,1,1965
499000,3,12325,1,1968
150000,3,8056,1,1949
759950,3,23790,2,2002
427000,3,65340,1,1991
632500,5,7096,2,2003
660000,6,2774,1,1900
862000,4,14565,2,1990
524000,2,2000,1.5,1910
470000,3,6723,1,1958
385000,3,9912,2,2000
575000,4,9603,2,1985
220000,4,9826,1,1988
460000,2,2100,1,1919
1712500,3,5432,3,1978
175000,3,7300,1,1973
465000,3,7500,1,1966
552000,3,2300,1,1912
565000,4,139392,2,1981
518000,4,7500,1,1976
899950,4,5414,2,2006
373000,3,5720,1.5,1926
385000,4,5054,2,2006
245000,2,4880,1,1943
375000,4,6000,2,1913
699850,4,6164,2,2002
450000,6,11780,1,1948
455000,2,12196,1.5,1970
650000,4,4160,3,1910
378000,5,8015,1,1960
220000,3,7998,1,1940
285500,4,7950,1,1967
340000,3,1174,3,2004
921000,4,9496,1,1954
375000,4,109336,1.5,1973
999000,4,19168,2,1992
335000,3,6000,1,1957
1920000,4,34412,1,1950
385000,2,26329,1,1928
850000,4,7089,2,2003
429000,5,4500,2,2009
523950,3,1282,3,2006
798800,3,3738,1,2013
284000,3,6008,2,2009
852880,4,6184,2,2014
320000,3,1400,3,2005
749995,4,9870,2,2014
468500,3,1186,2,2007
492500,5,9962,2,2006
685000,4,4637,3,2008
542525,4,5600,2,2014
435000,3,2674,3,2007
242000,3,7524,1.5,1988
325000,4,7091,2,1987
837700,5,12611,2,1994
210000,1,7129,1,1948
187500,3,7000,1,1977
560000,5,9100,1.5,1926
272000,3,7476,1,1989
235000,3,7280,1,1968
259000,3,5909,1,1986
866059,5,4797,2,2014
473000,2,5100,1,1909
405000,3,7400,1,1968
870000,4,4887,2,1951
475000,3,5750,1,1985
499500,3,21907,2,1998
386000,2,3196,2,2008
458000,4,3000,1.5,1918
550000,3,78225,2,1976
605500,3,6536,2,1989
421000,3,21780,2,2000
536000,4,5948,2,1991
247200,3,8719,1,1982
250000,2,1360,2,1983
204950,4,9344,1,1978
430000,3,9000,1,1978
250000,4,8100,2,1998
260000,3,12888,1,1958
547000,4,2800,1.5,1926
379900,5,7350,2,1995
738500,3,6009,1,2005
545000,4,11585,1,1967
342000,2,6180,1,1948
4668000,5,13068,1,1983
170000,4,13787,1,1966
616000,4,12929,2,1983
640000,3,4800,1,1948
332000,3,9406,1,1993
1010000,3,1923,2,2006
380000,4,37647,2,1991
415000,4,9600,1,1967
1008000,4,3060,2,2001
669000,4,35362,2,1976
260000,3,20700,1,1948
854000,4,38865,1,1986
605000,3,10760,2,1985
320000,3,5060,1.5,1927
229950,3,7466,1,1983
255000,3,7532,1,1987
1170000,4,6251,2,2000
479000,2,932,2,2004
1200000,4,9748,2,2004
472000,3,1262,3,2010
198000,3,7347,1,1980
440000,4,8400,1.5,1962
506000,3,7700,1,1961
382500,4,7079,2,1993
269500,2,7276,1,1978
560000,3,3477,1,1971
840000,4,18334,2,1996
479500,3,4637,2,2008
402000,3,7375,1,1968
549000,2,953,3,2006
449950,4,3811,2,1999
493000,4,18295,1.5,1975
142500,4,13300,1,1948
250000,3,6134,1,1998
729000,3,3840,2,1908
465000,2,1425,2,2006
465000,2,19271,2,1943
280000,4,7207,1,1988
675000,6,6360,1,1953
667500,3,3800,1,1927
809000,3,7720,2,1988
400000,3,11266,2,1986
310000,4,6000,1.5,1956
435000,2,3800,1,1928
465950,4,6896,2,2001
1538000,3,7599,1,1958
253000,3,6600,1,1945
330000,3,7232,2,2003
554000,4,7104,1.5,1946
350000,3,3600,3,2013
294999,4,9760,2,1994
1185001,3,5568,2,1905
752000,4,10382,2,1991
451000,4,3315,2,2005
725000,4,7505,2,1994
345000,4,7412,1,1975
206000,3,7000,1,1967
2027000,4,22798,1.5,1934
2475000,3,4947,2,1993
1728000,4,20570,1,1976
580000,5,10875,1,1962
430000,3,7200,1,1950
720000,4,11520,2,1988
824000,7,4000,2,1964
936000,3,12420,1,1952
535000,4,7201,2,2006
286800,3,3600,2,2011
350000,2,1347,3,2005
345000,3,2229,2,2007
435000,3,1238,2,2009
1555000,3,6240,2,2008
1325000,4,16526,2,2013
461000,3,6278,2,2006
770000,3,10204,2,1990
1384000,4,12103,1,1997
330000,3,26977,2,2005
322500,4,6753,2,1994
1600000,6,230652,2,2001
475000,3,8432,1,1977
250275,2,11234,1,1942
274500,3,9000,1,1969
284950,3,10723,1,1960
264950,4,9011,1,1983
242000,3,8092,1,1986
913000,4,10576,2,1999
555000,3,6000,1,1958
711000,4,10800,1,1948
403500,5,17300,1,1968
975000,4,43386,1,1991
253779,4,9600,1.5,1947
384400,3,1388,3,2008
646000,5,4461,1,1976
415000,3,4800,1,1952
764000,4,7938,2,1997
507000,5,16249,2,2002
545500,3,9361,1.5,1936
450000,3,4080,1,1928
264000,4,8118,1,1980
650000,5,4500,1.5,1926
365000,3,6715,2,1991
343566,2,4200,1,1954
375000,3,6871,2,1997
295000,3,8682,1,1966
325000,3,7000,1,1977
265000,4,7100,1,1963
562000,5,15101,2,1996
540000,4,34222,2,1989
4489000,4,27517,2,2001
279950,5,7171,1,1970
540000,3,8200,1,1963
310000,4,12672,1,1960
190000,1,4800,1,1914
440000,4,4780,2,2000
1400000,3,5500,1.5,1937
230000,2,9435,1,1958
455000,3,14292,1,1981
175000,2,5000,1,1915
650000,3,9370,1,1981
3000000,4,12445,2,1989
192500,3,8580,1.5,1900
239950,3,6900,1,1978
175000,6,5080,1.5,1931
850000,5,28324,1,1972
410000,4,10500,1,1961
570000,4,6738,2,1996
469000,5,7543,1,1966
559000,2,6400,1,1938
739888,3,43177,2,1989
568450,5,58806,2,1969
240000,2,10920,1,1942
574950,5,10000,2,1980
180000,3,6350,2,1967
1160000,4,9700,2,2005
300000,3,3575,2,2000
630000,4,9430,2,1996
507000,4,9375,1,1968
287500,4,9000,1,1979
688000,3,16200,2,1983
424000,3,7700,1,1972
400000,3,6150,1.5,1928
620000,4,7683,2,1987
300000,3,7700,1,1971
615000,5,12070,2,1978
206000,2,8867,2,1921
515500,4,7700,2,2003
554000,5,11411,1,1961
825000,4,9792,2,1938
855000,4,4080,2,1918
315000,3,6368,2,1993
299000,5,9360,1,1968
650000,3,8114,1,1951
465000,3,4800,1,1925
535000,3,4080,2,2003
564000,2,4500,1,2004
515000,3,1419,2,2007
580000,4,5000,2,2008
309000,3,1294,2,2010
536751,3,6360,1,2013
415000,4,5501,2,2010
267000,3,2800,2,2012
820000,4,8523,2,2008
1399950,4,10046,2,2005
485000,2,923,3,2008
482000,3,1120,3,2008
535000,4,4595,2,2008
690000,3,1428,3,2013
576000,3,9000,1,1948
378750,3,3000,1.5,1909
269900,4,8750,1.5,1968
210000,3,7210,1,1983
429900,4,8625,2,1987
1525000,4,5131,2,1927
360000,4,4650,2,2004
405000,2,4377,1,1947
450000,3,11200,1,1955
703000,3,5980,1.5,1945
661000,4,8058,2,1998
580000,4,9593,1,1969
464000,3,3625,2,1900
945000,2,7089,2,2004
659500,4,18362,1,1956
200000,3,8340,1,1960
280000,3,42399,1,1990
1325000,4,3600,2.5,1902
346150,3,7200,1,1966
197500,3,5412,2,1905
799000,4,7910,2,2001
1309500,4,13912,2,2005
350000,2,9205,1,1921
720000,4,34290,2,1987
519000,3,10744,1,1954
590300,3,7200,2,1907
2200000,5,10450,2,2002
410000,6,9324,1,1962
437000,2,4225,1,2005
221000,3,7350,1,1984
380000,4,20181,1,1963
506000,2,8210,1,1952
395000,4,10350,1,1968
285000,3,4731,1.5,1901
311000,3,3000,1.5,1903
520000,3,219527,1,1991
435000,3,8065,1,1948
120000,2,39964,1,1945
1440000,3,3819,2,2002
186000,3,4320,1,1912
756000,4,5600,1,1947
248000,4,13510,1,1950
287000,3,11374,1.5,1933
510000,4,8031,2,1998
249000,3,8498,1,1959
340000,3,6112,2,2004
399888,4,8255,1.5,1930
440000,3,8740,1,1968
899000,4,6000,1,1959
540500,5,7415,2,2014
385000,3,11200,1,1978
558000,4,10358,1,1962
600000,3,237402,1,2007
450000,4,7693,2,2003
232500,3,8450,1,1961
436000,2,6600,1,1949
240000,4,14690,1,1960
489950,3,7326,2,1983
680000,6,3000,1,1911
1068000,5,9938,2,2001
352450,3,6000,1,1945
335000,4,103672,1,1969
549000,4,3060,2,1906
1240000,4,13224,2,1990
618250,4,3360,1.5,1931
1815000,5,13000,2,1972
850000,2,5136,1.5,1927
930000,5,9385,1.5,1925
505000,3,4611,2,1996
925000,4,209088,2,1994
275000,3,15681,1,1971
499000,3,5000,1,1910
507000,3,7201,2,2003
619850,4,9247,1,1972
500000,3,48716,1,1994
310000,4,9600,1,1980
646000,4,4079,2,2008
265000,3,7300,1,1966
475000,3,1110,2,2003
600000,4,8400,2,1970
470000,3,38884,1,1997
319950,2,8341,1,1939
712000,3,6699,2,2004
775000,4,15992,2,1996
390000,3,10240,1,1979
585000,4,11044,2,2001
1027000,3,10500,2,1989
232603,3,11461,2,1976
543000,3,949,3,2008
607500,3,1612,3,2006
750000,3,10078,2,2012
728050,3,6775,1,2008
734990,4,6884,2,2012
330000,3,7209,2,2011
605000,4,7553,2,1996
441000,3,7280,1,1979
650000,4,6587,2,2003
1950000,7,15235,2,1965
395000,3,4000,1,1925
245000,1,15000,1,1963
905000,4,14486,2,1997
660000,4,9273,2,1988
378000,4,12236,1,1978
600000,2,3600,1,1919
632500,4,10306,2,1986
210000,2,5756,2,1910
754800,2,7781,2,2006
175000,2,5130,1,1948
455000,3,4653,2,1985
450000,3,3480,1,1947
790000,4,10920,1,1974
480000,4,5500,1,1941
850000,3,8170,2,1995
725000,4,27591,2,2000
380000,3,4288,1,1949
979000,3,14133,1,1954
359950,3,11612,1,1981
665900,4,5453,2,1926
812000,3,8338,2,2001
203000,3,7156,1,1953
456000,3,28516,1,1975
547000,5,4080,1.5,1916
280000,3,8089,1,1987
640000,2,4400,1,1930
477000,3,8085,1,1976
455000,4,21000,1,1954
587206,3,1710,2,1999
425000,3,5612,2,1999
511500,4,6000,1.5,1917
218000,2,2841,2,2004
332000,3,7884,1,1942
291000,3,60960,1,1967
279000,4,7700,1,1979
950000,4,11548,2,1988
970500,3,10125,2,1960
412000,2,3960,1,1925
400000,3,10005,1.5,1950
200000,3,7420,1.5,1913
397000,4,11717,2,1997
715000,4,6628,2,2003
371000,4,4770,2,2005
458000,3,5013,2,2003
436500,5,12429,1,1977
329950,3,8085,2,1983
950000,3,18892,1,1962
282000,4,6302,2,1997
250000,1,16306,1,1931
1135000,6,244716,2,2002
400000,4,189486,2,1972
681500,5,11700,1,1964
200000,2,6600,1,1949
1300000,5,7800,2.5,1937
1462497,5,4800,3,2008
995000,4,13551,2,1998
355000,4,8265,2,1996
425000,3,10209,1,1967
869000,4,30884,2,1988
915000,3,4000,2,2003
2110000,3,17833,2,1973
925000,4,10437,1,1959
2400000,6,10800,2,1999
390000,3,3750,1.5,1910
330000,3,11227,2,1995
482500,4,7626,1,1990
525000,3,1879,3,2001
237000,3,8160,1,1960
205000,3,7314,1,1960
623000,3,7777,2,1989
565000,4,4900,2,2013
400000,4,7927,1,1973
405000,3,10000,1.5,2002
337000,4,8504,2,1992
355000,2,27042,1,1943
885000,3,9552,1,1975
420000,5,10319,1,1959
448000,4,6853,2,2006
800000,4,7035,2,2004
830000,5,10192,2,1978
725000,6,4080,2,1917
780000,3,3000,2,1905
325000,2,4239,1,1948
488800,4,9665,1,1976
1320000,4,36200,2,1989
489000,4,11479,1,1940
1240000,7,13782,2,2004
595000,3,22649,2,1993
359900,5,7420,1,1973
1080000,3,43560,2,1989
925000,4,8014,2,2012
625000,3,4800,2,2014
339990,3,4600,2,2014
775950,4,4400,2,2014
420000,5,3149,2,2013
654000,3,1565,2,2005
725000,3,8837,2,2001
375000,2,1820,2,1948
1100000,3,20000,1,1952
639500,4,8994,2,1986
849000,4,6300,1.5,1928
418000,4,9176,1,1956
442900,4,2788,1,1943
750000,3,5544,1.5,1934
930000,3,6830,2,2000
565000,2,6000,1,1914
874150,4,14406,2,1987
545000,4,6023,2,1990
500000,4,8400,1,1963
687000,4,10083,2,1966
810000,4,10613,2,1989
439500,3,40003,1,1977
802000,3,5000,1.5,1907
732600,4,7300,1,1963
374000,4,6260,2,2004
330000,4,13550,2,1999
365000,4,25600,1,1962
290900,2,17600,2,1930
577000,3,5750,1,1976
280000,2,3000,1,1925
675000,4,11120,2,1982
800000,3,11824,1,1972
299995,2,7200,1,1951
440000,3,7207,1,1983
249500,2,8645,1,1963
690000,2,4560,1,1907
235000,3,11100,1,1968
320000,3,7417,2,1998
350000,7,9569,1,1963
334000,4,9360,1.5,1970
235000,6,7956,2,1980
442000,4,7253,2,1990
264000,3,7482,1,1966
275000,2,6552,1,1949
430000,2,4625,1,1949
550000,3,3255,2,1988
775000,4,6158,2,1999
603500,6,8400,1,1962
230000,3,389126,1.5,1919
449000,4,5040,1,1930
2075000,4,20377,2,1997
420000,3,5029,1,1937
735000,4,5102,1,1954
200000,3,9600,1,1968
286000,3,750,2,2008
579000,3,1269,3,2009
345100,3,8625,1,1959
350000,3,10150,1.5,1957
291500,3,9238,1.5,1946
649950,3,1375,2,2014
458500,3,1599,2,2012
500000,3,5100,2,1911
362300,3,15264,2,1997
324000,4,7208,1,1975
495000,3,12196,2,1918
233500,3,2958,2,1985
479000,3,11319,2,1978
322200,4,19000,2,1975
835000,4,29163,2,1998
347000,3,8400,1,1955
725000,3,8613,1,1962
345000,3,4200,2,1904
345950,3,4118,2,1989
550000,3,8086,1,1964
399950,3,5223,1,1940
269500,3,7412,1,1976
494000,4,7345,1,1973
453000,4,7420,1,1956
442500,3,10280,1,1977
235000,4,8891,1.5,1962
389800,3,12821,1,1959
346000,3,8100,1,1950
360000,4,6417,1,1953
650000,4,7351,2,1990
290000,3,8145,1,1932
234000,2,11100,1,1940
260000,4,37045,2,1989
349900,3,38781,1,1949
275000,3,6000,1,1952
725000,4,30410,2,1988
375000,4,7471,2,1990
806000,4,206474,1,1997
470000,3,8221,2,1992
490000,3,2500,2,1984
615000,5,4180,1.5,1926
249000,3,19204,1,1968
396500,3,7149,1,1955
405000,2,2599,1,1901
560000,3,12476,2,1989
459950,4,6107,2,2003
265000,3,9450,1.5,1928
502000,6,8122,1,1977
430000,3,12731,1,1981
525000,2,3500,1,1924
415000,4,8518,1,1955
600000,3,10153,2,1987
225000,3,8820,1,1967
300000,4,4469,2,2008
491234,4,1860,2,2014
1580000,4,74487,2,1948
905000,4,7661,2,2006
199950,5,8750,1,1959
450000,4,4333,1,1942
899000,3,6978,2,1949
649000,2,280962,2,2005
780000,4,59863,2,1987
400000,4,20283,1.5,1965
831500,5,35124,2.5,1984
471001,3,6000,1,1905
385000,3,1677,3,2007
326000,3,9834,1,1969
335000,1,5100,1,1907
320000,4,43560,1,1974
300000,4,5550,2,2004
269950,4,8400,2,1977
1220000,4,3944,1.5,1913
590000,4,7875,1.5,1966
750000,3,5000,1.5,1941
239950,3,9600,1,1984
215000,3,8505,1,1931
165000,3,13100,1,1943
261350,3,18200,1,1962
569000,4,3884,1,1924
425000,3,39189,1,1992
800000,4,4895,1,1954
715000,4,30500,1,1960
337000,3,12750,1,1993
560000,4,7989,2,1990
449500,3,7280,1,1972
660000,3,2850,3,1987
685000,2,1676,1,1943
905000,5,10155,2,1996
403500,3,8004,1,1960
405000,3,1245,3,2004
385000,4,37011,2,1984
1700000,3,18731,2,1974
285000,3,6263,2,2003
249900,3,6738,1,1990
633634,4,6000,2,2014
329900,3,4995,2,2011
310000,3,4775,2,2006
345000,3,1192,2,2008
160797,3,2356,2,2012
562500,3,907,2,2006
664950,5,7081,1,2013
515000,5,5027,2,2013
497000,3,3817,2,2005
312891,5,8214,2,2013
670000,3,5300,2,2008
362500,2,1768,2,2009
402101,2,1350,2,2009
438000,3,6380,1,1948
687500,4,5000,1.5,1929
160000,3,9600,1,1962
415000,3,8000,1,1977
405000,3,12750,2,1995
880000,4,3841,3,2005
585000,3,100545,2,1998
640000,4,9594,2,1997
819000,3,6150,2,1908
520000,3,35722,1,1984
367500,3,11783,1,1978
762500,4,8760,1,1978
300000,3,7007,1,1954
625000,3,64073,1,1976
530000,2,3680,1,1941
379000,3,30886,2,1992
615000,2,5000,1,1949
660000,2,6000,2,1902
380000,3,15559,2,1963
314900,4,27072,1,1958
324950,3,8710,1,1955
225000,3,13102,1,1968
535000,3,4132,2,1999
348500,3,10726,1,1966
725000,4,18295,2,1986
925000,4,35261,1.5,1985
549000,2,13392,1,1947
400000,3,11413,1,1984
620000,4,55387,2,1994
665000,6,8346,1,1961
1215000,4,53574,1,1994
1157400,3,5925,2,1913
349950,4,5289,2,1989
2466350,5,13180,2,1940
339000,4,5080,1.5,1948
615000,3,4080,1,1924
751000,4,9571,2,2004
941000,4,3825,1.5,1926
600000,4,7700,1,1968
455000,4,4502,2,2005
1295648,0,28008,2,1990
485000,3,5412,1,1920
358000,3,100188,1,1969
339000,3,4128,1,1942
258000,3,7435,1,1969
455000,2,1259,2,2013
437000,4,8505,1,1980
689000,3,9840,1,1978
319000,4,7992,1,1978
510000,3,1309,3,2006
440000,3,9900,1,1957
1010000,2,9052,1,1900
875000,4,22588,2,1996
304000,4,8454,1,1953
139000,2,5280,1,1942
464500,3,10466,1,1959
336500,3,7284,1,1963
230000,4,6000,1,1944
425000,3,4500,2,1990
300000,2,5120,1,1941
457500,3,2003,2,1996
366000,3,11440,1,1977
502000,3,14350,1,1955
194000,3,7577,1,1983
305000,4,9371,2,1968
1250000,4,15600,1,1973
575000,4,20793,2,1991
343500,4,6204,1,1950
325000,3,6906,1,1948
600000,4,14930,2,1995
850000,4,37122,2,1996
420000,3,3821,2,2005
257500,2,9265,1,1940
317000,5,11375,1,1962
970000,3,9950,1.5,1930
252000,3,7881,1,1977
683500,3,5756,1.5,1946
289000,3,9607,2,1988
355000,2,747,2,2007
675000,3,5611,1,2004
396500,3,18980,1,1976
362500,4,8450,1,1960
395000,4,5120,1,1943
599000,5,22572,1,1968
218000,3,18205,1,1945
589950,4,8195,2,2006
218000,3,7600,1,1968
360000,3,7200,1,1957
350000,2,7680,1,1922
350000,4,5606,2,2004
845000,3,4750,1.5,1930
839000,3,203425,1,2000
850000,4,4000,1,1958
329950,2,5220,1,1956
425000,4,6180,1.5,1946
210000,2,5500,1,1956
631500,2,2640,1,1927
295000,2,5400,1,1950
575000,3,5000,1.5,1926
415000,3,6031,2,2011
859000,4,13900,1,2010
639888,4,2772,2,2012
329445,2,1119,2,2005
745641,4,4850,2,2013
395000,3,1936,2,2007
790000,4,31450,2,2010
890000,4,4000,2,1905
400000,3,7508,1,1962
365500,3,9600,1,1983
245000,3,5760,1,1985
390000,4,8548,2,1993
196500,3,9000,1,1966
1200000,4,13470,2,2006
276900,3,7566,1,1958
995000,3,47044,2,1968
2300000,4,8570,2,2004
505000,3,8060,2,1987
1229000,4,37034,2,1989
352000,4,8890,1,1925
597326,4,8250,2,2013
800000,2,5719,1,1955
270000,3,8364,1,1990
235000,4,9415,2,1984
409900,2,1845,2,1997
739900,5,5377,2,2006
608000,4,4736,2,2001
381500,2,2910,1,1924
562100,2,3700,1,1914
740000,4,10392,2,1995
308000,3,18144,1.5,1942
905000,5,10200,1,1970
762000,4,15253,2,2007
356000,4,48693,1.5,1949
750000,3,5000,1.5,1915
418800,4,9984,1,1973
276000,4,11250,1,1959
725000,3,7510,2,1996
285000,3,6377,1,1995
205000,3,8498,1,1958
583000,3,8144,2,1989
657000,4,3375,1.5,1926
386000,4,9583,2,1965
589950,5,19439,1,1973
575000,3,3333,1.5,1924
574000,3,6832,2,2002
690500,5,4211,1.5,1908
565000,2,4008,1,2005
500000,3,4750,1,1940
330000,6,28535,1,1951
286000,2,3475,1,1930
450000,3,11740,1,1954
870000,4,4000,1.5,1912
725000,4,5170,2,2000
275000,2,4840,1,1927
645000,3,16960,1,1953
152000,3,3264,1,1969
315000,4,5336,1.5,1918
190000,1,29258,1,1941
700000,4,5686,2,2004
233000,3,6180,1.5,1955
249000,4,6136,2,1990
310000,2,5400,1,1950
265950,3,8450,1,1951
860000,5,9648,2,1968
200000,3,4800,1.5,1938
402000,4,3672,2,1926
305000,6,8240,1,1964
505000,3,10695,1,1975
1355000,3,4775,2,1913
482000,3,7307,2,1998
299950,3,7650,1,1978
770000,4,12415,2,1997
245700,3,8400,1,1968
283000,3,8400,1,1954
650000,4,16532,1,1940
530000,5,7910,1,1962
440000,3,17100,1,1953
1005000,4,284011,2,1985
599990,3,9162,1,1978
544000,4,3974,2,1994
1700000,5,22885,2,1978
270000,2,8398,1,1962
435000,2,3036,1.5,1943
349000,3,8184,1,1947
1140000,4,127631,2,1924
320000,4,10051,2,1997
804100,4,8086,2,2005
594000,3,1406,2,2014
531500,4,49765,1,1958
1150000,3,18815,2,1979
374500,3,11400,2,1984
450000,4,5650,1,1952
744500,5,16570,1,1967
913888,5,15512,2,1981
760000,4,6000,2,1942
346500,2,6300,1,1941
280000,3,8250,1,1966
557500,3,11165,1,1959
260000,3,8184,1,1954
1330000,3,2885,1.5,1900
640000,3,6000,1,1947
280000,7,5458,2,1994
205000,3,8750,1,1965
957000,5,5000,2,2005
625000,5,21208,1,1955
680000,4,6200,1,1954
150000,2,8100,1,1942
255950,3,3676,2,1992
246500,3,7686,2,1989
450000,2,4390,1,1931
595888,3,9000,1,1958
454000,3,22144,1,1970
299900,3,8593,1,1979
200000,3,6833,1,1995
346500,3,11802,1,1932
585000,4,6825,1,1973
383000,3,13430,1,1977
519000,4,2617,1.5,1910
410000,3,7700,1,1968
578000,4,5415,2,1996
1280000,4,17398,2,2003
395000,2,1493,2,2007
364000,3,2790,2,2011
240000,3,2820,2,2012
328423,3,3600,2,2014
594000,4,4613,2,2005
425000,3,2267,3,2009
309620,3,3730,2,2012
260000,5,7760,2,2007
563500,3,1312,3.5,2007
975000,5,5477,2,2009
937000,3,2691,2,1915
518500,3,1102,3,2010
563500,4,174240,1,1964
1050000,4,7832,2,2007
350000,3,16290,2,1987
826000,4,7140,2,2006
225000,3,11475,1,1945
235867,4,5926,1,1942
399000,4,5000,2,2001
177500,3,6000,1,1968
224000,4,9289,1,1959
302000,4,17664,1.5,1968
760000,3,13964,1,1959
460000,3,8490,1,1969
415000,3,6700,1,1957
669000,2,10766,1,1952
254600,3,20000,1,1968
357250,3,8840,1,1952
910000,4,50479,2,1987
725000,6,5000,1.5,1921
670000,3,4400,1.5,1906
440000,4,5750,2,1947
1025000,4,19850,1,1977
320000,2,5316,1,1948
310000,4,5499,2,2002
772650,4,10800,1,1955
669950,4,11877,2,1996
690000,5,7598,2,1993
385000,4,22651,1,1970
663000,3,37843,1.5,1974
300000,3,10395,1,1967
225500,2,11276,1,1972
320000,3,34175,1.5,1999
775000,3,14800,1,1976
805000,3,5875,1.5,1929
252750,4,7410,1.5,1944
254000,5,16117,1,1959
620000,6,6875,2,2004
435000,4,8751,1,1962
460000,4,19017,1,1961
268000,3,6684,2,1991
446000,2,1221,2,2008
285000,2,7200,1,1975
530000,3,26571,2.5,1987
402000,2,2475,1,1911
358000,3,12497,1,1967
354950,4,7350,1,1977
405000,4,4652,2,2001
568000,4,265716,1,1979
575000,5,49709,1,1960
315000,4,10200,1,1977
280927,4,7350,2,1977
440000,4,7826,1,1976
270000,4,9900,1,1965
755000,4,4000,1.5,1912
289659,4,7200,2,1984
555000,5,6930,2,2004
450000,3,23660,1,1952
1145000,3,4000,2,1918
495000,3,11787,1,1983
1250000,3,8500,2.5,1910
580000,4,6975,1,1975
560000,4,16360,1,1959
1080000,4,5267,2,2008
450000,2,3340,1,1912
815000,3,11989,1,1968
354000,4,5476,2,2005
279900,3,6620,1,1988
339000,2,7954,1,1941
1340000,4,5040,2,2003
710000,3,136915,2.5,1990
815000,4,4743,1,1949
800000,3,75794,1,1958
638000,3,3729,1,1922
475580,3,11085,1,1983
243800,3,27760,1,1981
600000,3,8016,2,2004
620000,3,41343,1,1988
750000,4,5080,1.5,1903
626000,3,5000,2,1945
230000,3,9946,1,1956
537000,3,7479,2,1942
210000,2,8040,1,1943
200500,3,9346,1,1963
253500,3,12384,1,1954
150000,3,9612,1,1962
440000,3,6290,1,1949
667000,3,478288,1.5,1933
660000,3,9622,1,1955
695000,3,12063,2,1993
440000,4,7526,2,1989
1388000,4,20001,1,1972
219500,3,6710,1.5,1912
220000,3,15600,2,1981
270000,2,81021,1,1954
900000,4,5000,2,2008
1990000,5,5000,2.5,1902
800000,4,16809,2,1990
365000,5,19000,1.5,1924
1387800,3,5500,2,1950
451000,5,8925,1.5,1967
202000,2,7569,1,1950
1410000,4,16684,2,1979
471000,2,6417,1,1924
827000,4,12100,1,1977
235000,5,9583,1,1979
216500,2,4482,1,1980
359000,5,6654,1.5,1953
252500,3,8002,1,1991
370000,3,14500,1,1961
663000,3,3876,1,1928
971971,4,6738,2,2013
420000,3,249126,1.5,2008
330675,4,3031,1,2006
240000,4,2171,1.5,1933
334888,3,7324,2,2012
414000,3,4540,2.5,2012
782900,4,3898,2,2014
525000,4,6625,2,2011
429900,3,5353,2,2009
390000,3,913,2,2006
224000,3,11968,1,2014
257500,3,6819,2,1995
665000,2,3200,1,1925
327000,5,8050,2,1998
425000,3,213444,1.5,1988
687500,4,10970,2,1994
672500,3,5300,1.5,1939
140000,3,7473,1,1959
215500,2,15600,1,1972
464900,4,8424,1,1979
417000,4,7700,1,1959
453000,4,37533,1,1979
700000,3,1545,2,2002
1619999,4,9750,1,1972
259500,3,12349,1,1957
460000,4,35091,1,1985
561500,3,6380,1,1939
641000,4,63118,2,1997
330000,4,7350,1,1978
447000,2,8380,1,1953
320000,4,4865,2,2005
212700,2,5040,1,1926
260000,2,4800,1,1922
410000,3,45738,2,1981
355000,4,7867,2,1996
275500,2,11400,1,1951
415000,3,8944,1,1967
279000,3,7950,1,1985
350000,5,14322,1,1968
355000,2,10838,2,1985
750000,4,11597,2,1984
235000,3,6300,1,1998
209950,3,9583,1,1967
230000,3,9600,1,1969
725000,3,54450,1.5,1990
430000,2,2570,1,1927
661500,5,7200,1,1977
738000,3,4896,2,2006
1820000,4,53330,2,1993
221000,3,8789,1,1966
665000,3,35000,2,1988
255000,3,6194,2,1998
1195000,5,13297,2,1969
355000,3,22693,1,1980
755000,5,24300,1.5,1950
300000,3,8911,1,1956
500000,4,7100,1.5,1906
191000,2,3400,1,1905
315000,6,4240,2,1993
415000,3,1536,2,2000
394000,4,9793,2,2002
490000,3,5348,2,2000
523460,5,5000,1.5,1906
550000,4,16197,2,2006
342000,3,10409,1,1981
560000,4,6583,2,2003
1050000,4,13833,2,2003
710000,2,4080,1.5,1916
1020000,3,4800,1.5,1903
399950,3,10431,2,1989
480000,2,3420,1,1902
410000,3,19000,2,1950
530000,4,48351,1,1978
528000,2,40642,1,1937
469900,4,8913,2,1991
397000,5,6757,1,1944
718500,3,6240,1,1952
195000,2,8100,1,1940
285000,2,8155,1,1948
295000,1,2500,1,1907
602000,4,37800,1,1981
235000,3,8712,1,1960
465000,4,6000,2,2012
234000,4,18000,1,1955
504200,2,1687,3,2008
710000,3,4153,2,2003
589500,3,3075,2,2005
415000,3,64626,1.5,2009
735000,3,1212,2,2011
427000,3,9391,2,2005
982000,4,8580,2,2014
459000,4,10000,2,2013
483453,4,5527,2,2014
246950,3,4440,1,2014
235000,1,1456,2,2007
288790,4,942,3,2008
229800,2,1773,2,2014
516500,1,638,3,2014
1600000,3,7200,2,1930
234000,3,8128,1,1983
230000,2,3376,2,1980
300000,4,8499,1,1949
470000,3,5000,1.5,1927
339900,3,9087,1,1969
650000,2,2542,1,1904
585000,5,16777,1.5,1920
699900,4,11500,1,1972
598000,4,40918,2,1994
475000,3,9100,1,1998
314500,3,17355,1,1978
397000,3,1275,2,2007
345000,3,15005,1,1986
325000,5,6222,1,1991
265000,3,7650,1,1957
402000,4,15540,1,1974
835000,3,54014,2,1964
780000,4,7048,2,2005
250000,3,9220,1,1965
1200000,4,3360,2,1905
935000,2,2067,2,1974
300000,2,8153,1,1947
419000,2,4980,1,2006
410000,1,5750,1,1911
1165000,3,5001,2,1989
461000,3,8666,2,1948
385000,3,7030,1,1968
669500,4,4046,1.5,1940
491950,3,10733,1,1958
1230000,3,14630,1.5,1948
560000,3,15002,1.5,1955
370000,3,7341,1,1982
263400,4,60548,1,1960
100000,2,7623,1,1942
289950,3,8584,1.5,1937
263000,3,8100,2,1985
397500,4,7859,2,1992
245000,3,14197,1,1996
535000,3,6300,1,1925
449000,4,6031,2,2005
490000,4,3497,2,2003
445800,4,39446,1,1977
345000,2,5750,1,1932
327500,3,7200,2,1990
436500,4,11173,2,1988
550000,3,9600,1,1967
441000,2,3400,1,1919
406500,2,5750,1,1947
243000,2,1758,2,1990
359500,4,10316,2,1993
760000,4,165528,2,1984
1925000,5,8050,2.5,1914
408000,5,6589,1.5,1906
480000,4,9664,2,1981
875000,4,3245,1.5,1929
308000,3,8800,1,1954
880000,4,4392,1.5,1931
1730000,5,26540,2,2008
170000,2,24792,2,1976
491500,3,4322,2,1985
515000,3,4506,2,2003
550000,4,128502,1,1958
255000,2,9967,1,1919
635000,3,4007,2,2005
850000,3,2387,2,1920
265000,2,10856,1,1952
349810,3,8855,1,1958
972000,4,6300,1,1937
235000,2,28800,1,1928
330000,4,11784,2,1997
500000,4,15048,3,1979
570000,3,29185,1,1949
1309500,4,12215,1,1956
544000,3,1613,2,2007
439000,3,7904,1,2006
530000,4,15086,2,1981
427500,2,934,3,2008
337000,4,5970,2,2002
1095000,4,9143,2,1995
435000,4,3840,1,1904
765000,5,5700,1,1964
492650,4,9786,1,1967
383962,4,6998,2,2001
950000,4,7680,2.5,2007
457000,3,1330,2,2008
1510000,5,11250,2,2007
882566,4,5265,3,2014
963000,4,8589,2,2007
345000,4,5000,2,2006
2065000,4,7965,2,2013
800000,3,221284,2,1993
314500,3,13303,1,1993
530000,3,39478,2,1989
650000,4,46748,2,2004
349500,3,3600,1,1963
1198000,4,3850,2.5,2008
165050,3,8514,1,1959
580000,3,11000,2,1978
330000,3,11312,1,1959
875000,5,8279,2,2001
500000,2,4500,1,1926
445000,4,42077,2,1994
274900,4,6600,2,1987
219950,3,9310,1,1967
691500,4,7200,2,1962
459500,2,3825,1,1929
955500,4,5080,1.5,1914
328950,4,8976,1,1978
307000,3,6000,1.5,1927
382500,3,9000,1,1967
1150000,4,10422,2,1996
1297000,6,9420,2,1900
478000,3,3896,2,1994
260000,2,7906,1,1948
850000,4,112750,1,2006
616000,4,5846,1,1957
540000,3,9580,1,1984
300000,3,5128,2,2001
507500,3,9594,1,1977
3800000,5,42840,1,1978
241000,3,7000,1,1986
485000,3,47916,2,1991
695000,3,51354,2,1998
548000,4,11005,2,1994
345000,2,7775,1,1955
280000,3,10710,1,1962
450000,3,13775,1,1963
515000,3,7200,2,1994
1014250,3,12855,1.5,1920
739900,5,5029,2,2004
600000,2,14878,2,1990
370000,2,6050,1,1952
729032,4,12866,1,1977
510000,3,7020,2,1934
425000,3,19163,1,1964
1080000,3,7216,2,1967
337000,3,941,3,2006
563000,4,3376,1.5,1911
1695000,4,10900,2,1924
245000,3,4072,1.5,1907
590000,3,6413,1,1947
695000,3,4080,1.5,1922
402500,2,2280,1,1946
435000,3,13446,2,1993
660000,3,28500,1,1983
300000,3,9620,1,1987
600000,5,7781,1,1960
205000,3,8239,1,1981
357500,3,5100,2,2004
1110000,5,4000,2,1997
332888,2,1029,2,2007
174000,2,13531,1,1979
515000,2,5000,1,1907
392000,5,32481,1.5,1958
485000,4,4096,2,1900
217500,3,9546,1,1984
502000,3,45613,2,1983
820000,3,9750,2,1989
1640000,3,5445,2,1913
102500,2,4320,1,1937
925000,5,12637,2,2001
540000,4,10140,1,1968
600000,2,2002,1.5,1900
406000,4,8475,1.5,1928
620000,4,6325,1,1948
1060000,4,16015,2,1990
401000,3,11172,1,1984
725000,3,6000,2,1959
276000,1,1801,1,1923
500000,5,12087,2,1975
375000,3,35150,1,1977
2300000,4,9778,2,1928
260000,3,9680,1,1961
1565000,4,12750,1.5,1918
431000,4,6087,2,2001
321000,4,9601,2,2003
433000,4,5053,1,1963
920000,4,10666,2,2005
482000,3,21485,2,1989
712000,3,4094,2,2002
505000,4,9778,1,1962
2367000,3,17450,1,1930
452000,3,9012,1,1966
581000,4,2566,1.5,1921
952500,4,5055,2,1910
808000,4,8866,2,1987
476000,4,6885,1,1945
535000,4,5000,1.5,1945
1356925,4,5800,2,1937
629800,3,1984,2,2008
417838,4,5048,2,2014
399895,4,4500,2,2014
825000,4,6637,2,2003
300000,4,3826,2,2006
640000,2,965,3,2007
460000,3,1053,2,2008
525000,2,1458,2,2012
499990,4,6334,2,2013
1020000,4,8501,2,2008
675000,5,10300,1,1985
512031,3,3000,1,1920
310000,2,3000,1,1918
1075000,3,10302,1,1970
255000,4,8960,1,1960
435000,3,7984,2,1993
453000,3,15050,1,1983
260000,4,7992,2,1975
659000,4,10800,1,1951
223000,3,7231,1,1991
851000,5,9792,2,1984
605000,3,12134,1,1973
895000,4,5950,1,1947
519000,5,13054,1,1950
535000,3,12141,1,1983
489000,3,10375,2,1982
250000,3,7738,1,1965
580000,3,3960,1.5,1905
1038000,4,13296,1,1967
605000,4,48788,1,1961
599950,4,3080,2,2008
700000,3,23891,2,1993
480000,3,10052,1,1956
329950,4,4558,2,2002
250000,3,24805,1,1984
345000,5,6994,2,2002
175000,4,6000,2,1991
185000,5,6700,1.5,1942
411000,4,76665,2,1978
690000,3,4000,2,1922
265000,4,8170,1,1948
720000,4,12327,1.5,1990
256000,4,5787,2,2002
255000,4,3179,2,2002
540000,3,1800,2,1994
481015,3,5511,2,1987
575000,3,8625,1,1974
339950,3,34041,1,1984
475000,4,7260,2,1963
732000,3,6517,2.5,1977
860000,4,3720,1.5,1924
389000,4,7700,1.5,1927
645000,3,11472,1,1956
475000,4,5444,2,1981
550000,4,5005,1,1987
305000,2,12960,1,1968
782000,2,3600,1.5,1906
545000,3,7200,1.5,1923
394500,4,6042,2,2004
600000,5,9072,1,1965
1300000,4,21600,1,1966
300000,2,11919,1,1947
330000,4,6093,2,2003
723000,4,4748,1.5,1928
2271150,4,18916,1,1954
480000,5,7737,2,1998
496000,2,9260,1,1946
625000,3,1641,3,2006
475000,4,13468,1,1962
275250,3,7199,2,1992
253000,2,7128,1,1980
630000,4,9880,1,1979
660500,5,5500,1.5,1918
262000,5,7800,1,1962
2147500,3,5500,2,1909
552000,3,9900,1,1978
1411600,2,9400,2,1985
736000,2,4000,1,1933
355000,3,7416,1.5,1954
305000,3,7424,1,1962
484998,4,1870,2,2014
1054690,4,3979,2,2014
334500,2,1858,2,2005
475000,4,6178,2,2013
309780,3,4500,2,2014
795000,4,7798,2,2005
274500,3,4050,2,2010
265050,2,2119,2,2008
567500,3,2502,2,2006
915000,3,62726,2,2013
285000,5,6300,2,1995
445838,3,5692,2,2000
304900,4,11325,1,1969
940000,4,9525,2,1968
1127000,4,8281,2,1995
835000,4,25714,2,2005
290000,3,11250,1,1967
250000,3,8868,1,1959
342000,4,6448,2,2001
1012000,4,16263,2,1989
400000,4,7200,1,1963
312500,3,7969,1,1950
267000,3,10875,1,1962
575000,3,6743,1,1955
810000,3,9041,1,1954
850000,3,5000,2,1945
1015000,3,4000,2,2005
1100000,4,60123,2,2000
240000,3,8750,1,1960
198000,4,7200,1,1966
565000,4,8624,1,1969
1195000,5,18129,2,1952
340000,8,6695,1,1977
815000,4,4203,2,2002
1875000,4,10929,2,2006
588000,5,4900,2,1940
280500,4,6962,2,1997
390000,4,76877,1,2004
509000,2,3521,2,1989
490600,3,11447,2,1986
650000,3,4500,1,1960
715000,3,2250,3,1997
529950,3,5000,1.5,1909
265000,3,8610,1,1959
1755000,3,4800,2,1909
1140000,3,33503,1.5,1969
610000,3,13418,1,1955
554729,4,4350,2,1943
395000,5,10453,1,1948
341000,3,4814,1.5,1908
264500,4,11385,1,1962
395000,4,35070,1.5,1963
640000,3,10115,1,1959
430000,3,5080,1,1958
410000,4,9000,1,1972
220000,4,6000,1.5,1923
1625000,4,3600,2,1999
405500,2,1252,2,2006
633000,4,10000,1,1977
295950,2,6200,1,1948
1042031,4,43560,2,1978
605000,4,10786,1,1970
255000,2,1598,2,1995
474000,3,8000,2,1978
370000,2,5040,1,1956
288000,3,3593,2,2004
100000,2,5240,1,1912
1150000,5,8921,2,2000
600000,5,13899,2,1975
515000,5,9629,1,1977
345000,4,5523,2,1999
975000,6,54160,2,1954
850000,3,8800,2,1961
439990,3,1348,2,2005
554950,3,10254,2,2006
605000,3,6405,2,2001
609000,3,1526,3,2014
425000,3,1022,3,2007
399900,2,1005,1.5,2011
1025000,4,10860,2,2008
2351956,4,19412,2,2014
519995,4,6160,2,2014
625000,3,7200,1,1960
600000,3,7609,2,2003
1200000,4,4275,2,2004
1738000,4,6513,2,1937
671000,4,5700,1.5,1953
459500,3,4950,1,1984
499000,3,1326,3,1995
1280000,4,4620,1.5,1917
395000,3,7700,1,1975
861990,5,5639,2,2014
382500,2,4440,1,1981
404950,4,217014,1,1982
530000,3,2500,1,1918
195000,2,27007,1,1910
747500,4,18600,2,1977
199990,3,8560,1,1961
548800,4,4704,1.5,1930
870000,4,36246,1.5,1923
588000,3,4777,2,1908
775000,4,241322,2,1981
670000,6,36171,2,1970
445000,2,2500,2,1985
300000,4,10800,1,1960
480000,3,9090,1,1959
300000,3,5160,1.5,1919
360000,3,22000,2,1931
527000,6,8401,1,1979
875000,3,12686,1,1952
266000,4,7102,2,1981
866000,4,9786,2,2004
335950,2,5192,1,1951
215000,3,9563,1,1967
481000,4,8269,2,2002
320000,3,11646,1,1950
295000,3,7500,1.5,1918
295000,3,7222,2,1908
320000,3,10576,1,1969
780000,4,4800,1,1953
437500,3,4800,2,1948
443000,5,3000,1.5,1902
575000,4,6137,2,1990
245000,2,6685,1,1926
450000,3,12793,2,1993
536000,2,746,2,2009
685000,3,11070,2,1980
373000,4,7920,2,1960
450000,3,8394,1,1971
645000,4,18653,2,1985
1275000,3,46609,2,1997
230000,3,6000,1,1954
593000,3,1850,2,2011
558000,2,5750,1,1910
538250,3,15229,2,1984
475000,5,8050,1,1977
209950,3,7300,1,1968
410000,3,19206,2,1989
1636000,3,6765,2,1946
670000,5,68519,2,1958
821000,3,8476,1,1967
665000,5,17788,1,1963
339000,3,3748,2,2004
631500,4,5650,1.5,1910
570000,3,2808,1,1924
437000,3,17568,1,1967
542500,3,10086,2,1987
229500,3,6000,1,1967
170500,2,7700,1,1981
391500,3,9625,2,1993
296475,3,4170,2,2004
1450000,4,4103,2,1925
888550,3,38322,2,1989
1360000,4,108900,2,1987
328000,3,7904,1.5,1998
300000,4,5195,2,2007
500000,3,3012,2,2011
494815,3,2091,2,2014
378000,3,2491,3,2007
505000,2,1209,2,2006
680000,4,3920,2,2005
351999,3,4200,2,2014
510000,3,1237,3,2014
1300000,4,4000,2,2013
374000,2,1575,2,2001
509900,3,9053,2,2009
230000,3,1201,2,2014
527700,5,9375,1,1968
438000,2,1372,3,2000
900000,3,12600,2,1978
1131000,3,13791,1,2006
439000,4,9503,2,1980
315000,2,2674,1,1919
765000,4,7221,2,2004
332000,3,14915,1,1979
600000,3,46609,1.5,1969
378500,3,43821,2,1990
190000,3,10575,1,1968
645000,4,37522,2,1987
780000,2,2500,2,1901
370000,3,16817,2,1982
875000,4,108464,2,1979
1049000,4,126759,2,1991
479000,3,13750,1,1955
245000,4,6390,1,1978
542000,3,8030,1,1966
557500,3,9670,2,1984
480000,2,3040,1,1924
330000,3,4060,1,1993
160000,3,8700,1.5,1942
695500,5,9180,1,1975
235500,5,13713,1,1967
326500,3,7920,1,1968
300000,4,8065,2,1998
267000,3,8100,1.5,1944
292600,3,7123,1,1959
362000,5,3000,2,1998
1087500,2,11340,1.5,1997
357562,2,1032,2,2014
789900,3,25150,1,1987
513000,3,4592,2,1992
336000,3,10160,1,1969
560000,4,9800,1,1968
1150000,3,48743,2,1991
410000,4,7283,1,1963
371500,3,6400,1,1954
368000,4,11942,1,1964
650000,4,57499,1,2003
308950,4,8562,2,1994
440000,3,217800,2,1998
630000,2,3507,2,2005
228950,3,9085,1,1968
782000,4,53428,2,2004
245000,3,2788,2,1992
410000,4,4020,2,2006
427550,2,4000,1,1940
235000,2,7920,1,1939
210000,3,9380,1,1949
485000,4,7200,1,1977
410000,3,6000,1.5,1920
435000,4,9640,1,1998
300000,3,7314,1,1960
455000,4,6000,2,2002
210000,3,8179,1,1949
1050000,4,3433,1.5,1927
458400,4,10300,1,1921
390000,3,16552,1,1967
148226,3,7360,1,1968
711600,4,9316,2.5,1991
819000,3,13391,2,1985
613000,2,1890,1.5,1927
592350,2,4665,1,2006
232000,3,15000,1,1966
250000,3,10400,1,1983
115000,1,9812,1,1962
1115000,4,31931,1,1978
585000,4,6185,2,1999
580000,3,5980,1,1987
165000,1,8050,1,1906
430000,3,6039,1,1942
383000,3,15000,1,1961
1195000,4,6654,2,2006
201500,3,5000,1.5,1912
690000,4,35400,2,1991
325000,2,7260,1,1953
375000,3,9673,1,1976
600000,4,11370,2,1991
340000,3,13090,1,1997
890000,4,4020,3,1979
415000,4,7700,2,1970
255000,3,9720,1,1976
530000,2,779,2,1975
468000,3,9848,1,1962
970000,5,5040,2,1927
599000,3,14680,1,1987
399500,4,4840,1.5,1928
2458000,4,14986,2,2001
1205000,4,5500,2,2014
325000,2,4080,1,1941
1135250,5,217800,2,1992
568000,4,17476,1,1956
517000,2,3408,1,1912
469950,4,14178,2,1997
1675000,3,8343,2,1939
2180000,6,11000,2,1931
623000,3,16313,1,1973
720000,4,8400,2,1965
205000,3,8240,1,1967
148000,2,4200,1,1930
950000,3,7800,1,1941
405000,3,7683,1.5,1953
293000,3,3481,2,2009
550000,3,3582,2,2005
435000,4,3143,2,2010
355000,4,5470,2,2005
673000,3,3496,2,2012
449990,4,5539,2,2013
249000,2,2686,2,1982
380000,4,32400,1,1962
760005,4,5859,2,2010
674600,4,5140,2,2006
812000,4,3634,2,2007
333490,4,3916,2,2014
320000,3,1387,2,2013
999000,4,10849,2,2013
810000,2,8572,1,2007
399950,5,5400,1,1986
550000,3,4166,2,1929
290000,3,15954,1,1959
232500,3,9887,1,1969
1355000,4,11000,1,1999
565000,3,7394,2,1990
749950,4,18700,1,1957
720500,4,35298,2,1985
507000,3,40098,1,1950
989000,5,13474,2,2000
463000,4,6660,2,1974
310000,3,9908,1,1952
284000,4,8800,1,1960
737500,3,10900,2,1935
569000,3,8227,1.5,1929
700000,3,7200,2,1901
660000,3,3500,1,1927
275000,4,8426,2,1944
570000,6,6015,2,2004
150000,3,38500,1.5,1959
356000,3,3411,2,2000
610000,3,5827,2,2001
498800,2,4614,1,2008
226550,3,4440,1,1943
692500,4,7984,2,1999
250000,3,8062,1,1960
660000,4,4543,2,2002
295000,2,6500,1,1953
154950,4,10183,1,1966
409124,5,11340,2,1999
287000,5,9230,1,1962
810000,4,3988,1,1958
525000,4,6308,1,1985
525000,4,10440,1,1955
275000,3,7800,1,1954
583000,3,5100,2,1998
237950,2,7926,1,1987
1065000,4,9800,2,2008
679000,4,4480,1.5,1928
1465000,6,6420,2,1916
410000,3,6250,1,1980
306000,3,7200,1,1969
215000,4,5040,1.5,1920
594950,4,10006,2,1989
1250000,4,5500,1,1957
305000,3,12196,1,1966
425000,2,8830,1,1939
215000,3,29004,1,1959
480000,5,7725,1,1967
550000,4,9000,1,1966
750000,4,7465,2,2004
137124,3,27442,1,1970
840000,3,11177,2,1910
624800,3,14274,1,1964
630000,3,8767,1,1986
590000,3,9380,1,1975
599950,3,1804,3,2014
299880,3,3044,2,2000
400000,3,6875,1,1967
560000,3,6058,2,2002
229000,4,7688,1,1979
525000,4,9958,2,2005
737000,2,9772,1,2007
680000,3,5720,1,1925
635000,4,35430,2,1997
740000,4,15091,2,1997
335500,3,6780,2,1930
270000,4,8063,1,1978
1037000,4,10660,2,2003
450000,5,209523,1,1925
379000,3,2913,2,1986
468000,4,8400,1,1976
321500,1,1942,1,2008
443000,3,8223,2,1989
340000,3,7324,1,1958
470000,4,17199,2,1979
545000,3,17377,2,2002
415000,4,11367,1.5,1950
599000,7,5750,1,1901
759000,4,4750,1,1975
300000,4,5015,1,1926
1681000,5,18707,2,1952
359000,3,4980,1,1978
550000,4,3600,1.5,1924
395000,2,6380,1,1940
486000,4,12047,2,1988
187000,2,11600,1,1952
734950,4,47179,2,2002
284000,3,10018,1,1957
696000,4,38546,2,1996
380000,2,3910,1,1918
625000,4,5500,1.5,1946
252000,4,8250,1,1966
560000,2,9219,1,1960
395000,4,37026,1,1961
900000,4,4372,2,1935
2680000,5,20445,2,1985
625000,3,76230,1,1978
580000,3,5100,1,1909
309000,3,8755,1,1963
412000,4,9767,2,1990
495000,3,192099,1,1964
215000,3,7280,1,1967
741500,2,5760,1,2010
749000,3,5348,2,2008
659950,4,9400,2,2014
530000,3,3078,2,2010
749000,4,6000,2,1910
2321000,5,17004,2,2006
595000,4,4560,2,2013
487000,4,5001,2,2005
760000,4,8365,3,2014
1240000,5,10327,2,2007
435000,4,5200,2,2009
374950,3,1484,3,2007
440000,3,1413,3,2007
360000,4,5000,2,2005
879000,4,22111,2,1994
1550000,5,171626,2,1999
505000,2,57000,1,1962
545000,2,14057,1,1980
600000,2,102366,1,1912
775000,6,5000,1.5,1916
725000,2,2719,1,1919
610000,4,36583,1,1976
350000,4,8147,1.5,1959
410000,3,6500,1,1953
639000,4,5419,1,1942
439000,4,7500,1,1968
499950,4,7700,1,1967
800000,3,4000,2,1914
350000,4,9538,2,1993
279000,2,6300,1,1942
290256,3,7885,2,1983
355000,3,4038,2,1989
263000,3,9187,1,1993
880000,6,3680,2,1922
426500,4,6515,2,1998
735000,3,8159,2,2004
720000,4,8930,2,1999
265000,3,6000,2,1991
840000,4,85728,2,1998
657500,3,10960,1,1956
850000,5,13430,1.5,1966
436110,3,1235,3,2007
589900,2,66646,2,1993
620000,3,6630,1,1954
254000,4,4235,1,1955
375000,3,8106,1,1962
455000,4,8449,1,1958
445000,4,8395,1,1965
568500,4,4200,2,1998
352500,3,8182,1,1962
342500,2,7507,1,1982
299950,3,7942,2,1990
425000,3,5689,2,2009
561000,4,5250,2,1990
455500,3,10311,1,1975
400000,3,23100,1,1967
443500,4,21781,2,1994
1234582,5,6551,1.5,1939
370000,4,67518,1,1965
475000,3,8008,1,1981
580000,4,35752,1,1980
518000,3,8000,1,1956
525000,3,6970,2,1991
236000,4,5827,2,1997
278500,4,6206,2,1990
205425,2,6780,1,1945
248000,3,9400,1,1954
505000,3,1596,2,2002
657500,3,10496,2,1989
670000,3,1438,2,2003
202000,1,833,1,1926
440000,4,8119,1,1966
690000,4,8810,2,2004
375000,6,5793,2,2012
291000,3,9788,1,1964
230000,3,6956,1,1957
850000,4,6744,2,2013
84350,4,16475,2,1953
12899000,3,11394,1,1956
2110000,4,9200,1,1959
2199900,4,5427,1,1969
188000,4,19542,1,1968
26590000,3,7793,1,1992
7800,2,16344,1,1942
237227.857143,4,9397,2,1987
117833.333333,3,306848,1,1953
0,3,10125,1,1962
744312.5,4,5900,1,1963
0,4,5390,1,1960
0,6,9200,1,1953
0,5,36615,2,1983
439333.333333,3,4082,2,1954
280000,3,11088,1,1967
0,5,7112,1,1920
0,4,18804,2,1990
176225,3,7200,1,1952
500324,3,2289,2,2006
444845,3,3573,2,2013
330000,3,1570,3,2014
292285.714286,3,13860,1,1966
160000,2,22334,1,1951
274333.333333,3,191228,2,1988
537500,4,33976,1,1964
232333.333333,3,73151,1,1974
237333.333333,3,1842,2,2011
346750,3,30736,1.5,1911
0,2,188200,1,2007
1020000,3,78843,1.5,2006
0,4,10500,1,1960
254000,3,17208,1,1959
238750,3,8209,1,1942
268971.875,4,7066,2,1997
642000,4,10000,1,1964
571986.111111,3,11610,2,1982
0,5,6324,2,2006
0,5,9000,2,2013
554250,3,1709,3,2004
0,4,11023,2,2008
0,4,22870,1,1954
107500,4,131551,1,1966
300000,3,7066,1,1973
0,4,10308,2,2006
540833.333333,3,9972,1,1977
274750,4,1562,2,2004
148612.5,3,5000,1,1959
326428.571429,3,4800,1,1951
0,5,12353,2,1977
135333.333333,4,7200,1.5,1948
577437.5,4,3750,2,2000
440825,3,4333,1,1956
195000,5,10655,2.5,1912
257500,4,7672,1,1979
692000,4,34460,2,1988
176400,2,9612,1,1981
193000,3,5000,1.5,1932
646212.5,4,64441,2,2013
268971.875,4,6687,1,1983
0,4,4545,1.5,1926
317061.875,3,10716,1,1969
83300,3,7770,1,1990
0,5,11965,2,1990
266066.666667,4,5200,1.5,1945
342246.428571,4,7403,2,1988
0,5,7900,1,1986
0,3,7440,1,1954
0,4,6180,2,1990
240015.333333,4,8300,1,1973
83300,3,78408,1,1964
316850,4,35621,1,1989
259585.571429,4,9898,2,2001
328211.904762,4,9600,1,1961
673476.818182,4,12899,2,1990
0,4,13372,1,1955
425000,3,5449,2,2003
127160,2,4222,1,1942
341750,3,7741,2,1986
178650,3,8960,1,1953
87500,2,6685,1,1948
282508.888889,3,5002,1.5,1946
450385.714286,3,3731,1,1993
435000,4,18000,2,2000
532500,2,11900,1,1950
408900,3,19876,1,1993
156766.666667,2,4120,1.5,1928
452500,5,13703,2,1984
308830.769231,2,4800,1,1919
484991.666667,4,4344,2,2012
287919.782609,2,5000,1,1942
247875,2,4776,1,1942
309487.5,3,19821,2,1994
173666.666667,4,5000,1.5,1957
237481.25,3,7560,1,1991
326983.333333,3,4522,2,2009
790000,4,5100,2,2013
0,1,6000,1,1940
678333.333333,3,3035,1,1926
542804.75,5,36250,1,1977
723243.75,4,12880,2,2014
667781.25,5,10257,2,1993
108333.333333,3,9936,1,1969
0,5,5616,1.5,1925
535000,4,5350,2,1958
596165.428571,4,6000,1,1950
269187.5,3,27200,1.5,1926
148612.5,3,6860,2,1942
0,3,6710,1,1952
0,5,4698,2,1998
341166.666667,5,3800,2,2014
132500,4,115434,1.5,1923
557125,4,12447,2,1991
228944.444444,3,11325,1,1972
592105.714286,3,29970,2,1992
535000,4,8051,1.5,1935
420642.857143,3,8100,1,1969
132250,4,12128,2,2006
237227.857143,4,7242,2,1976
440825,3,6250,1,1910
2560498.33333,3,1664,2,2003
423050.925926,2,4590,1,1923
1337044.2,4,9583,2,2005
315368.7,3,12476,2,1990
417985.714286,4,7500,2,1977
723243.75,4,7215,2,2014
259950,4,9300,1,1976
0,4,19290,2,2002
237333.333333,3,16500,1,1972
426090,3,5957,2,1995
458663.888889,2,7137,1,1941
812650,4,21755,1,1988
135333.333333,4,7200,1.5,1944
0,5,53898,1,1979
0,5,7200,1,1951
0,3,13500,1,1950
0,5,6863,2,2013
387884.615385,3,8219,1.5,1938
437500,5,11928,2,2006
641633.333333,3,5137,2,2000
681965.78125,4,40386,2,1987
229629.5,2,8281,1,1947
0,4,3500,1.5,1926
210614.285714,3,10119,1,1966
790000,4,4000,1.5,1911
435500,3,1666,2,2008
738190.857143,3,3060,1.5,1930
497333.333333,3,12874,1,1967
300000,3,8555,1,1957
1036200,4,5801,1.5,1926
163785.714286,2,5500,1.5,1947
351250,4,5340,1,1947
645325,3,10481,2,2003
171224.8,3,8366,1,1943
0,5,8225,2,1998
540000,3,18029,1,1978
233166.666667,3,7000,2,1971
329333.333333,3,22470,1,1976
225279.428571,3,7665,1,1973
331366.666667,3,2509,2,2004
460886.923077,4,4500,2,2009
337945.75,2,9839,1,1910
0,4,68824,2,1968
243069.230769,3,12519,1,1958
0,6,13783,2,1952
690408.62069,4,14910,2,1995
592105.714286,3,40705,2,1994
220083.333333,3,8079,1,1983
280000,3,19023,2,1985
297857.142857,4,5000,2,2003
950833.333333,5,19126,2,1977
323833.333333,4,5753,1.5,1947
309000,3,2700,2,2011
248400,3,11249,1,1985
994500,4,6280,1.5,1905
0,4,11600,1,1931
0,4,7500,1,1959
0,2,6770,1.5,1926
0,3,17826,2,2005
288500,5,9760,1,1978
379509.166667,2,6413,1,1950
180785.714286,2,21675,1,1958
950100,4,13194,2,1965
0,4,18641,1,2002
542500,5,13800,2,1959
362750,2,3000,1.5,1906
234975,4,14021,2,1999
672500,4,10200,2,1973
391400,4,7400,1,1959
0,3,7300,1,1957
198995,3,8053,1,1951
278900,3,9798,1,1968
171758.333333,3,8512,1,1991
325187.5,3,7560,1,1968
190368.75,2,5650,1,1944
375000,5,7947,2,2001
216000,3,4000,2,2008
0,5,6895,2,2001
360500,3,887,3,2007
677099.565217,4,27540,2,1997
405125,4,31747,2,1985
289987.5,3,15330,1,1956
264270,3,7700,1,1978
602761,4,10274,2,1989
251555.555556,3,7800,1,1956
214750,3,8160,1,1967
258125,2,7740,1,1924
0,4,4857,2,1965
677099.565217,4,38677,2,1987
0,2,8424,1,1959
0,2,8040,1,1951
167500,1,1950,1,1928
471500,4,3672,1.5,1916
0,4,8750,1,1951
464600,2,3400,1,1924
132250,4,8734,2,1991
433111.111111,3,1524,3,2005
542500,5,16100,1,1960
0,2,4920,1.5,1941
368112.5,4,8483,2,1991
673476.818182,4,20011,2,1987
558653.846154,3,3210,1.5,1928
0,4,18362,2,1983
168333.333333,2,6600,1.5,1964
268971.875,4,4805,2,2005
318000,2,3503,1,1916
550607.142857,4,4800,1.5,1922
1288333.33333,6,4800,3,1919
584000,3,1036,2,2008
0,3,9030,1,1956
0,5,21738,2,2001
245000,3,7410,2,1977
287919.782609,2,4600,1,1942
672500,4,12653,2,1972
454790,2,4000,1,1952
282508.888889,3,7552,1,1948
473200,3,4200,1.5,1920
406062.5,2,4650,1,1906
282766.666667,4,8640,1,1955
486445.833333,3,10032,1,1984
486895,3,3330,1.5,1901
430277.777778,3,1075,3,2009
229629.5,2,8149,1,1948
0,4,18226,3,1984
182805,3,8892,1,1958
380680.555556,4,8331,2,1991
396166.666667,3,5752,1,1945
252980,4,8169,2,1993
289373.307692,3,4600,2,2013
210614.285714,3,7223,2,1994
308166.666667,3,6360,1,1954
534333.333333,3,7573,2,1983
416904.166667,3,7014,2,2009
203400,4,6630,1,1974
220600,3,8102,2,1990
